CBSA,Core Based Statistical Area,Pollutant,Trend Statistic,Number of Trends Sites,2000,2001,2002,2003,2004,2005,2006,2007,2008,2009,2010,2011,2012,2013,2014,2015,2016,2017,2018,2019,2020
10300,"Adrian, MI",O3,4th Max,1,0.082,0.086,0.089,0.088,0.074,0.082,0.074,0.081,0.072,0.067,0.066,0.076,0.087,0.064,0.068,0.065,0.069,0.066,0.071,0.059,0.067
10420,"Akron, OH",O3,4th Max,2,0.085,0.096,0.1,0.09,0.079,0.091,0.074,0.087,0.075,0.067,0.074,0.073,0.072,0.059,0.06,0.065,0.06,0.066,0.068,0.062,0.063
10420,"Akron, OH",SO2,99th Percentile,1,163,132,145,167,172,140,138,46,34,31,27,24,22,23,21,14,8,3,6,3,4
10580,"Albany-Schenectady-Troy, NY",O3,4th Max,2,0.07,0.089,0.091,0.081,0.075,0.082,0.07,0.078,0.078,0.066,0.072,0.066,0.071,0.063,0.061,0.062,0.068,0.061,0.066,0.055,0.054
10580,"Albany-Schenectady-Troy, NY",SO2,99th Percentile,1,56,67,34,42,39,25,21,20,22,18,14,15,9,9,8,7,4,4,2,3,2
10740,"Albuquerque, NM",NO2,Annual Mean,1,17,17,19,18,17,16,15,15,13,12,12,13,14,12,12,11,10,10,10,9,8
10740,"Albuquerque, NM",NO2,98th Percentile,1,54,54,57,55,52,51,53,64,65,48,53,50,49,45,42,43,44,45,45,44,41
10740,"Albuquerque, NM",O3,4th Max,3,0.072,0.071,0.074,0.076,0.071,0.073,0.071,0.069,0.064,0.063,0.066,0.069,0.07,0.067,0.062,0.066,0.065,0.069,0.074,0.067,0.071
10900,"Allentown-Bethlehem-Easton, PA-NJ",NO2,Annual Mean,1,17,16,13,13,14,15,12,12,12,11,11,11,9,9,10,9,9,7,6,6,8
10900,"Allentown-Bethlehem-Easton, PA-NJ",O3,4th Max,2,0.092,0.094,0.095,0.087,0.086,0.086,0.079,0.082,0.078,0.069,0.081,0.078,0.074,0.067,0.068,0.07,0.074,0.069,0.07,0.065,0.062
11020,"Altoona, PA",O3,4th Max,1,0.08,0.083,0.089,0.083,0.073,0.077,0.071,0.071,0.075,0.065,0.072,0.074,0.08,0.065,0.06,0.069,0.062,0.063,0.064,0.064,0.063
11020,"Altoona, PA",SO2,99th Percentile,1,62,68,51,62,61,72,48,56,55,51,36,32,28,29,30,31,13,7,8,8,4
11140,"Americus, GA",O3,4th Max,1,0.092,0.082,0.07,0.072,0.07,0.071,0.077,0.076,0.068,0.06,0.069,0.066,0.065,0.06,0.059,0.057,0.065,0.058,0.062,0.062,0.054
11460,"Ann Arbor, MI",O3,4th Max,1,0.078,0.092,0.091,0.091,0.071,0.083,0.076,0.077,0.069,0.065,0.066,0.077,0.085,0.065,0.07,0.064,0.069,0.068,0.07,0.06,0.072
11540,"Appleton, WI",O3,4th Max,1,0.066,0.085,0.075,0.075,0.071,0.079,0.069,0.075,0.062,0.064,0.062,0.072,0.077,0.067,0.07,0.066,0.066,0.064,0.067,0.057,0.067
11700,"Asheville, NC",O3,4th Max,3,0.086,0.08,0.09,0.077,0.072,0.082,0.072,0.076,0.076,0.065,0.072,0.067,0.068,0.063,0.065,0.065,0.065,0.061,0.064,0.062,0.057
11780,"Ashtabula, OH",O3,4th Max,1,0.082,0.097,0.103,0.099,0.081,0.093,0.086,0.092,0.075,0.075,0.083,0.077,0.079,0.07,0.069,0.07,0.072,0.069,0.069,0.068,0.061
11780,"Ashtabula, OH",SO2,99th Percentile,1,50,56,55,44,36,39,40,31,36,34,20,19,53,29,17,37,7,5,5,3,3
12020,"Athens-Clarke County, GA",O3,4th Max,1,0.084,0.084,0.084,0.072,0.078,0.082,0.086,0.083,0.077,0.067,0.073,0.075,0.071,0.06,0.063,0.061,0.069,0.063,0.065,0.063,0.056
12060,"Atlanta-Sandy Springs-Roswell, GA",NO2,Annual Mean,1,18,17,15,13,15,14,15,15,13,11,14,13,12,9,11,10,11,9,8,9,8
12060,"Atlanta-Sandy Springs-Roswell, GA",NO2,98th Percentile,1,74,71,62,62,62,58,60,59,58,50,58,57,53,43,53,48,49,45,39,42,38
12060,"Atlanta-Sandy Springs-Roswell, GA",O3,4th Max,8,0.102,0.085,0.096,0.084,0.082,0.086,0.093,0.092,0.082,0.073,0.076,0.079,0.079,0.067,0.07,0.07,0.074,0.067,0.067,0.071,0.06
12060,"Atlanta-Sandy Springs-Roswell, GA",SO2,99th Percentile,1,50,54,56,53,56,60,62,58,45,31,33,25,10,9,6,4,6,7,4,5,3
12260,"Augusta-Richmond County, GA-SC",O3,4th Max,3,0.087,0.08,0.092,0.072,0.077,0.076,0.075,0.078,0.074,0.065,0.067,0.068,0.062,0.057,0.059,0.059,0.063,0.059,0.063,0.066,0.054
12300,"Augusta-Waterville, ME",O3,4th Max,1,0.063,0.084,0.088,0.069,0.071,0.07,0.065,0.079,0.068,0.066,0.059,0.063,0.064,0.065,0.057,0.063,0.059,0.067,0.06,0.054,0.054
12420,"Austin-Round Rock, TX",O3,4th Max,2,0.088,0.079,0.086,0.083,0.081,0.081,0.083,0.073,0.072,0.073,0.072,0.074,0.075,0.07,0.063,0.073,0.063,0.069,0.071,0.064,0.064
12540,"Bakersfield, CA",NO2,Annual Mean,3,18,18,17,17,16,15,16,14,13,12,11,11,12,11,10,9,9,9,10,9,8
12540,"Bakersfield, CA",NO2,98th Percentile,3,61,69,64,62,56,55,60,56,53,46,47,44,46,46,44,40,38,41,39,40,35
12540,"Bakersfield, CA",O3,4th Max,6,0.098,0.099,0.102,0.099,0.089,0.093,0.098,0.086,0.097,0.087,0.089,0.088,0.085,0.08,0.083,0.084,0.082,0.083,0.091,0.078,0.09
12580,"Baltimore-Columbia-Towson, MD",NO2,Annual Mean,1,23,23,25,26,23,22,21,19,19,18,18,18,16,15,16,16,15,14,13,12,12
12580,"Baltimore-Columbia-Towson, MD",NO2,98th Percentile,1,65,68,70,76,58,74,63,58,52,59,61,54,56,47,52,53,55,49,48,48,48
12580,"Baltimore-Columbia-Towson, MD",O3,4th Max,5,0.088,0.097,0.106,0.082,0.081,0.089,0.088,0.085,0.084,0.072,0.084,0.087,0.082,0.069,0.067,0.073,0.076,0.071,0.071,0.07,0.064
12620,"Bangor, ME",O3,4th Max,1,0.061,0.087,0.089,0.073,0.065,0.067,0.064,0.075,0.062,0.057,0.059,0.055,0.058,0.064,0.054,0.063,0.057,0.06,0.056,0.054,0.056
12660,"Baraboo, WI",O3,4th Max,1,0.073,0.074,0.073,0.074,0.065,0.076,0.064,0.07,0.061,0.062,0.06,0.065,0.073,0.063,0.064,0.063,0.066,0.061,0.067,0.061,0.065
12700,"Barnstable Town, MA",O3,4th Max,1,0.083,0.105,0.093,0.089,0.083,0.088,0.082,0.082,0.075,0.071,0.078,0.068,0.079,0.071,0.059,0.071,0.065,0.072,0.071,0.06,0.063
12940,"Baton Rouge, LA",NO2,Annual Mean,5,10,10,9,9,8,9,8,8,7,7,7,6,6,6,6,6,6,6,6,5,4
12940,"Baton Rouge, LA",NO2,98th Percentile,5,45,45,39,40,38,38,37,37,35,34,34,31,30,28,29,26,27,26,26,26,24
12940,"Baton Rouge, LA",O3,4th Max,9,0.092,0.079,0.076,0.086,0.08,0.084,0.085,0.081,0.073,0.075,0.075,0.079,0.073,0.064,0.069,0.07,0.066,0.069,0.069,0.066,0.065
12940,"Baton Rouge, LA",SO2,99th Percentile,2,104,100,99,81,102,117,100,102,97,103,64,40,32,24,21,19,17,16,18,15,15
13140,"Beaumont-Port Arthur, TX",NO2,Annual Mean,3,7,8,7,7,7,7,7,6,6,5,6,6,5,5,4,4,4,4,4,4,3
13140,"Beaumont-Port Arthur, TX",NO2,98th Percentile,3,41,43,38,37,37,37,35,35,35,32,34,33,29,28,29,26,28,27,25,25,25
13140,"Beaumont-Port Arthur, TX",O3,4th Max,6,0.088,0.082,0.08,0.083,0.083,0.081,0.083,0.077,0.071,0.072,0.076,0.077,0.072,0.064,0.065,0.067,0.063,0.064,0.071,0.067,0.061
13140,"Beaumont-Port Arthur, TX",SO2,99th Percentile,2,135,91,79,78,80,79,161,87,72,82,75,44,50,34,36,38,42,37,32,33,29
13380,"Bellingham, WA",O3,4th Max,1,0.052,0.05,0.053,0.056,0.062,0.055,0.055,0.052,0.049,0.046,0.048,0.043,0.047,0.043,0.047,0.048,0.045,0.05,0.062,0.044,0.05
13540,"Bennington, VT",O3,4th Max,1,0.071,0.083,0.086,0.073,0.075,0.073,0.068,0.077,0.069,0.068,0.068,0.059,0.069,0.062,0.061,0.063,0.067,0.065,0.065,0.056,0.053
13620,"Berlin, NH-VT",O3,4th Max,2,0.061,0.075,0.076,0.07,0.073,0.073,0.062,0.073,0.07,0.063,0.066,0.063,0.067,0.064,0.06,0.064,0.063,0.065,0.063,0.057,0.055
13740,"Billings, MT",SO2,99th Percentile,1,100,107,107,96,105,76,71,80,89,72,91,81,70,48,93,48,18,32,22,18,18
13820,"Birmingham-Hoover, AL",O3,4th Max,7,0.087,0.08,0.083,0.074,0.072,0.08,0.084,0.09,0.076,0.066,0.073,0.077,0.078,0.064,0.064,0.067,0.069,0.062,0.066,0.069,0.06
13820,"Birmingham-Hoover, AL",SO2,99th Percentile,1,149,63,50,53,56,70,70,50,69,41,33,31,36,22,17,17,11,12,11,10,5
13860,"Bishop, CA",O3,4th Max,1,0.079,0.081,0.083,0.08,0.079,0.085,0.082,0.085,0.077,0.07,0.069,0.075,0.073,0.07,0.069,0.07,0.072,0.07,0.078,0.069,0.072
13900,"Bismarck, ND",NO2,Annual Mean,1,2,3,2,2,2,2,2,2,2,2,2,1,2,2,2,2,2,2,2,2,2
13900,"Bismarck, ND",O3,4th Max,1,0.055,0.057,0.058,0.062,0.05,0.057,0.064,0.059,0.06,0.057,0.061,0.058,0.057,0.061,0.06,0.064,0.054,0.062,0.063,0.061,0.055
13900,"Bismarck, ND",SO2,99th Percentile,1,65,62,59,69,69,61,45,63,55,42,59,52,40,24,9,9,11,14,10,8,11
14010,"Bloomington, IL",O3,4th Max,1,0.072,0.072,0.085,0.074,0.068,0.077,0.072,0.075,0.067,0.071,0.066,0.068,0.079,0.069,0.066,0.063,0.065,0.064,0.068,0.063,0.07
14020,"Bloomington, IN",O3,4th Max,1,0.09,0.085,0.093,0.088,0.073,0.079,0.076,0.084,0.072,0.068,0.074,0.08,0.082,0.068,0.064,0.067,0.069,0.067,0.066,0.062,0.064
14460,"Boston-Cambridge-Newton, MA-NH",NO2,Annual Mean,3,22,22,20,19,17,17,17,16,17,15,14,16,14,14,13,13,11,10,10,9,8
14460,"Boston-Cambridge-Newton, MA-NH",NO2,98th Percentile,3,61,61,57,55,52,52,49,50,51,50,49,51,45,46,47,50,43,41,42,42,39
14460,"Boston-Cambridge-Newton, MA-NH",O3,4th Max,3,0.079,0.096,0.094,0.081,0.075,0.081,0.077,0.082,0.072,0.069,0.069,0.067,0.069,0.068,0.061,0.063,0.065,0.071,0.068,0.062,0.056
14460,"Boston-Cambridge-Newton, MA-NH",SO2,99th Percentile,2,49,41,35,35,34,33,23,26,23,23,20,22,13,12,11,7,4,3,4,2,2
14540,"Bowling Green, KY",O3,4th Max,1,0.088,0.08,0.085,0.076,0.07,0.075,0.071,0.082,0.07,0.065,0.075,0.071,0.081,0.063,0.065,0.063,0.065,0.064,0.061,0.06,0.056
14860,"Bridgeport-Stamford-Norwalk, CT",O3,4th Max,4,0.087,0.098,0.106,0.096,0.081,0.094,0.092,0.088,0.086,0.072,0.08,0.085,0.088,0.084,0.077,0.084,0.083,0.077,0.082,0.08,0.073
15260,"Brunswick, GA",O3,4th Max,1,0.073,0.071,0.076,0.069,0.073,0.064,0.069,0.062,0.067,0.057,0.066,0.062,0.057,0.057,0.057,0.055,0.057,0.056,0.06,0.06,0.052
15380,"Buffalo-Cheektowaga-Niagara Falls, NY",NO2,Annual Mean,1,22,21,20,20,18,19,16,16,15,14,13,13,10,10,9,11,10,10,10,9,8
15380,"Buffalo-Cheektowaga-Niagara Falls, NY",O3,4th Max,2,0.083,0.099,0.102,0.092,0.078,0.09,0.079,0.084,0.075,0.066,0.072,0.071,0.081,0.068,0.062,0.069,0.072,0.064,0.069,0.061,0.065
15380,"Buffalo-Cheektowaga-Niagara Falls, NY",SO2,99th Percentile,1,81,69,50,63,44,37,28,27,20,20,15,22,14,11,8,11,7,8,7,13,16
15540,"Burlington-South Burlington, VT",O3,4th Max,1,0.069,0.076,0.084,0.074,0.07,0.069,0.065,0.077,0.072,0.06,0.063,0.058,0.065,0.062,0.059,0.066,0.06,0.06,0.062,0.054,0.056
15620,"Cadillac, MI",O3,4th Max,1,0.073,0.084,0.077,0.082,0.071,0.074,0.073,0.076,0.066,0.065,0.065,0.067,0.078,0.065,0.063,0.064,0.074,0.062,0.066,0.058,0.068
15940,"Canton-Massillon, OH",O3,4th Max,2,0.084,0.089,0.096,0.087,0.075,0.081,0.077,0.086,0.077,0.064,0.079,0.079,0.074,0.069,0.063,0.07,0.072,0.066,0.069,0.065,0.065
15980,"Cape Coral-Fort Myers, FL",O3,4th Max,2,0.071,0.067,0.062,0.074,0.072,0.07,0.07,0.069,0.068,0.062,0.064,0.062,0.063,0.065,0.062,0.058,0.06,0.063,0.065,0.061,0.06
16100,"Carlsbad-Artesia, NM",NO2,Annual Mean,1,6,4,4,4,4,3,3,3,3,3,2,3,2,2,3,2,2,3,5,5,5
16100,"Carlsbad-Artesia, NM",O3,4th Max,1,0.069,0.066,0.075,0.065,0.065,0.067,0.076,0.066,0.067,0.066,0.069,0.071,0.073,0.069,0.072,0.067,0.063,0.076,0.083,0.08,0.073
16300,"Cedar Rapids, IA",O3,4th Max,1,0.075,0.069,0.07,0.068,0.064,0.073,0.064,0.075,0.063,0.061,0.064,0.065,0.069,0.06,0.061,0.06,0.063,0.062,0.069,0.058,0.064
16540,"Chambersburg-Waynesboro, PA",O3,4th Max,1,0.085,0.095,0.104,0.078,0.071,0.074,0.066,0.077,0.073,0.059,0.068,0.067,0.067,0.07,0.063,0.059,0.059,0.059,0.059,0.059,0.05
16700,"Charleston-North Charleston, SC",NO2,Annual Mean,1,11,11,10,10,10,10,9,8,9,8,8,7,7,7,7,6,5,7,6,6,6
16700,"Charleston-North Charleston, SC",O3,4th Max,2,0.078,0.07,0.075,0.072,0.072,0.073,0.071,0.067,0.069,0.06,0.067,0.066,0.063,0.059,0.06,0.054,0.059,0.062,0.058,0.064,0.059
16700,"Charleston-North Charleston, SC",SO2,99th Percentile,2,30,26,33,31,37,36,31,25,35,21,17,12,10,9,8,7,7,8,9,7,7
16740,"Charlotte-Concord-Gastonia, NC-SC",NO2,Annual Mean,1,18,17,15,16,15,15,13,14,11,10,12,10,9,8,9,8,8,7,6,7,6
16740,"Charlotte-Concord-Gastonia, NC-SC",NO2,98th Percentile,1,65,61,57,56,53,52,53,54,50,44,50,42,41,39,41,37,38,39,37,34,31
16740,"Charlotte-Concord-Gastonia, NC-SC",O3,4th Max,4,0.092,0.093,0.101,0.089,0.078,0.085,0.085,0.089,0.082,0.069,0.076,0.079,0.078,0.064,0.065,0.069,0.069,0.065,0.066,0.069,0.056
16860,"Chattanooga, TN-GA",O3,4th Max,1,0.098,0.082,0.099,0.08,0.076,0.077,0.088,0.085,0.076,0.066,0.076,0.074,0.077,0.061,0.064,0.068,0.065,0.064,0.064,0.064,0.057
16980,"Chicago-Naperville-Elgin, IL-IN-WI",NO2,Annual Mean,4,24,24,24,25,23,23,21,21,19,18,19,17,16,16,16,14,13,13,15,13,12
16980,"Chicago-Naperville-Elgin, IL-IN-WI",NO2,98th Percentile,3,77,77,80,76,70,76,62,69,65,61,60,61,62,62,63,56,59,53,56,52,51
16980,"Chicago-Naperville-Elgin, IL-IN-WI",O3,4th Max,18,0.075,0.082,0.093,0.077,0.068,0.083,0.069,0.079,0.064,0.065,0.069,0.071,0.081,0.066,0.068,0.066,0.074,0.071,0.074,0.068,0.075
16980,"Chicago-Naperville-Elgin, IL-IN-WI",SO2,99th Percentile,4,81,84,67,60,66,82,67,74,71,65,57,58,56,44,29,29,23,22,19,22,23
17020,"Chico, CA",O3,4th Max,1,0.088,0.088,0.094,0.086,0.084,0.081,0.089,0.083,0.083,0.079,0.076,0.077,0.078,0.073,0.074,0.075,0.077,0.077,0.084,0.063,0.074
17140,"Cincinnati, OH-KY-IN",NO2,Annual Mean,1,22,21,21,22,19,21,18,17,16,14,15,13,12,12,11,11,9,7,10,9,9
17140,"Cincinnati, OH-KY-IN",NO2,98th Percentile,1,61,65,72,61,57,69,56,56,58,50,54,46,46,45,45,45,41,41,41,39,39
17140,"Cincinnati, OH-KY-IN",O3,4th Max,5,0.082,0.083,0.097,0.086,0.075,0.085,0.078,0.085,0.076,0.069,0.075,0.081,0.083,0.065,0.069,0.069,0.072,0.068,0.073,0.069,0.067
17460,"Cleveland-Elyria, OH",NO2,Annual Mean,1,23,24,22,22,22,22,18,20,17,17,16,15,14,13,12,13,11,11,11,10,7
17460,"Cleveland-Elyria, OH",NO2,98th Percentile,1,61,76,73,68,70,68,58,61,58,58,58,50,48,53,48,50,50,46,49,45,36
17460,"Cleveland-Elyria, OH",O3,4th Max,5,0.075,0.088,0.1,0.087,0.07,0.083,0.075,0.077,0.079,0.068,0.077,0.076,0.085,0.067,0.066,0.071,0.072,0.069,0.072,0.068,0.07
17460,"Cleveland-Elyria, OH",SO2,99th Percentile,5,71,64,53,66,55,75,77,70,57,49,49,56,79,43,50,83,98,21,19,13,13
17540,"Clinton, IA",O3,4th Max,1,0.077,0.079,0.08,0.075,0.066,0.078,0.065,0.074,0.063,0.064,0.064,0.066,0.076,0.062,0.065,0.061,0.063,0.062,0.067,0.058,0.062
17540,"Clinton, IA",SO2,99th Percentile,1,82,36,24,30,29,53,50,42,29,44,31,18,60,35,22,33,31,16,25,15,19
17820,"Colorado Springs, CO",O3,4th Max,1,0.072,0.07,0.072,0.077,0.07,0.077,0.072,0.072,0.07,0.06,0.068,0.074,0.075,0.074,0.064,0.067,0.069,0.069,0.073,0.065,0.079
17900,"Columbia, SC",O3,4th Max,3,0.087,0.084,0.086,0.077,0.077,0.082,0.077,0.077,0.076,0.063,0.069,0.073,0.062,0.056,0.059,0.058,0.064,0.058,0.059,0.063,0.053
17980,"Columbus, GA-AL",O3,4th Max,1,0.087,0.073,0.079,0.07,0.068,0.078,0.08,0.083,0.073,0.065,0.068,0.068,0.066,0.06,0.061,0.062,0.065,0.058,0.059,0.063,0.053
18140,"Columbus, GA-AL",O3,4th Max,5,0.086,0.085,0.098,0.088,0.075,0.084,0.076,0.081,0.074,0.07,0.074,0.078,0.078,0.068,0.068,0.068,0.069,0.065,0.065,0.063,0.063
18580,"Corpus Christi, TX",O3,4th Max,2,0.082,0.075,0.081,0.08,0.074,0.068,0.07,0.069,0.072,0.066,0.073,0.077,0.067,0.066,0.066,0.064,0.062,0.061,0.061,0.06,0.063
18580,"Corpus Christi, TX",SO2,99th Percentile,2,29,27,20,29,26,22,15,12,17,10,12,9,5,4,4,3,3,4,4,6,3
19000,"Cullowhee, NC",O3,4th Max,1,0.083,0.079,0.082,0.079,0.069,0.075,0.08,0.08,0.072,0.063,0.069,0.068,0.069,0.067,0.068,0.065,0.069,0.064,0.065,0.065,0.065
19100,"Dallas-Fort Worth-Arlington, TX",NO2,Annual Mean,8,12,12,12,12,11,12,11,11,10,8,9,8,8,7,7,6,6,6,6,6,6
19100,"Dallas-Fort Worth-Arlington, TX",NO2,98th Percentile,6,50,49,47,46,44,46,45,42,42,39,41,42,41,39,37,38,36,35,37,37,37
19100,"Dallas-Fort Worth-Arlington, TX",O3,4th Max,15,0.09,0.089,0.092,0.088,0.087,0.092,0.089,0.081,0.077,0.08,0.076,0.084,0.082,0.077,0.071,0.076,0.067,0.07,0.077,0.069,0.069
19100,"Dallas-Fort Worth-Arlington, TX",SO2,99th Percentile,2,91,89,31,40,46,53,60,56,36,15,16,12,13,16,12,6,6,8,7,5,7
19140,"Dalton, GA",O3,4th Max,1,0.09,0.08,0.092,0.085,0.074,0.08,0.075,0.082,0.076,0.069,0.073,0.073,0.07,0.062,0.067,0.063,0.067,0.065,0.064,0.067,0.057
19300,"Daphne-Fairhope-Foley, AL",O3,4th Max,1,0.097,0.078,0.072,0.078,0.08,0.074,0.081,0.078,0.072,0.069,0.074,0.073,0.067,0.062,0.07,0.063,0.062,0.064,0.064,0.063,0.057
19340,"Davenport-Moline-Rock Island, IA-IL",O3,4th Max,2,0.075,0.076,0.077,0.072,0.064,0.071,0.065,0.072,0.061,0.061,0.061,0.059,0.069,0.064,0.063,0.062,0.064,0.064,0.069,0.062,0.059
19340,"Davenport-Moline-Rock Island, IA-IL",SO2,99th Percentile,1,46,36,25,30,34,37,29,17,12,14,17,19,12,15,10,7,4,4,5,5,4
19380,"Dayton, OH",O3,4th Max,3,0.079,0.081,0.096,0.083,0.072,0.081,0.075,0.074,0.071,0.07,0.07,0.075,0.077,0.068,0.066,0.069,0.069,0.066,0.067,0.062,0.062
19460,"Decatur, AL",O3,4th Max,1,0.091,0.077,0.087,0.081,0.072,0.079,0.078,0.081,0.068,0.062,0.07,0.07,0.074,0.06,0.062,0.063,0.067,0.06,0.066,0.064,0.057
19500,"Decatur, IL",O3,4th Max,1,0.077,0.071,0.085,0.071,0.064,0.076,0.071,0.077,0.066,0.067,0.069,0.075,0.076,0.064,0.067,0.066,0.066,0.068,0.069,0.063,0.065
19500,"Decatur, IL",SO2,99th Percentile,1,58,65,41,49,45,44,46,51,44,36,49,33,38,33,38,39,54,40,37,23,22
19660,"Deltona-Daytona Beach-Ormond Beach, FL",O3,4th Max,1,0.076,0.073,0.069,0.07,0.068,0.068,0.071,0.065,0.064,0.06,0.066,0.064,0.064,0.061,0.062,0.057,0.059,0.062,0.064,0.056,0.059
19740,"Denver-Aurora-Lakewood, CO",NO2,Annual Mean,2,26,31,28,28,24,24,24,24,22,21,22,21,22,21,21,20,19,17,17,18,15
19740,"Denver-Aurora-Lakewood, CO",O3,4th Max,5,0.074,0.074,0.076,0.084,0.069,0.075,0.081,0.08,0.075,0.072,0.072,0.079,0.08,0.081,0.073,0.075,0.075,0.073,0.075,0.07,0.082
19740,"Denver-Aurora-Lakewood, CO",SO2,99th Percentile,2,64,73,73,58,40,39,33,30,30,33,35,32,34,34,16,15,14,13,7,6,6
19820,"Denver-Aurora-Lakewood, CO",NO2,Annual Mean,1,18,19,18,19,15,17,14,14,13,13,12,12,11,11,12,11,10,9,9,9,9
19820,"Denver-Aurora-Lakewood, CO",NO2,98th Percentile,1,70,70,65,60,54,51,47,48,49,50,54,49,41,41,52,45,42,42,43,43,43
19820,"Denver-Aurora-Lakewood, CO",O3,4th Max,6,0.076,0.089,0.092,0.094,0.072,0.083,0.075,0.088,0.072,0.071,0.074,0.079,0.081,0.068,0.069,0.068,0.073,0.068,0.074,0.065,0.072
19820,"Denver-Aurora-Lakewood, CO",SO2,99th Percentile,1,114,129,126,122,130,125,130,116,101,79,107,94,80,66,72,55,59,70,67,61,43
19860,"Dickinson, ND",O3,4th Max,1,0.059,0.058,0.062,0.059,0.055,0.059,0.066,0.064,0.061,0.056,0.061,0.058,0.057,0.057,0.055,0.064,0.056,0.061,0.061,0.058,0.053
19860,"Dickinson, ND",SO2,99th Percentile,1,10,11,10,9,7,6,6,7,6,9,6,5,6,4,5,6,4,5,5,4,5
20100,"Dover, DE",O3,4th Max,1,0.093,0.091,0.094,0.084,0.075,0.082,0.085,0.078,0.081,0.066,0.077,0.072,0.087,0.064,0.066,0.066,0.068,0.066,0.067,0.062,0.062
20180,"DuBois, PA",O3,4th Max,1,0.079,0.089,0.095,0.087,0.074,0.086,0.072,0.072,0.077,0.066,0.077,0.073,0.073,0.067,0.06,0.068,0.066,0.064,0.064,0.054,0.053
20260,"Duluth, MN-WI",O3,4th Max,1,0.065,0.062,0.065,0.068,0.061,0.07,0.063,0.063,0.059,0.062,0.067,0.059,0.063,0.057,0.057,0.056,0.052,0.054,0.059,0.056,0.054
20420,"Durango, CO",NO2,Annual Mean,2,7,7,7,7,7,7,6,7,6,8,6,6,5,5,4,4,5,5,5,5,5
20420,"Durango, CO",O3,4th Max,1,0.061,0.051,0.055,0.06,0.06,0.066,0.063,0.071,0.067,0.066,0.067,0.069,0.069,0.067,0.065,0.066,0.072,0.069,0.067,0.063,0.065
20500,"Durham-Chapel Hill, NC",O3,4th Max,1,0.082,0.088,0.102,0.083,0.076,0.079,0.075,0.079,0.078,0.065,0.074,0.072,0.076,0.059,0.065,0.061,0.063,0.061,0.063,0.063,0.051
20820,"Effingham, IL",O3,4th Max,1,0.074,0.077,0.08,0.069,0.067,0.073,0.067,0.078,0.063,0.067,0.072,0.066,0.073,0.064,0.063,0.064,0.066,0.07,0.066,0.063,0.062
20940,"El Centro, CA",NO2,Annual Mean,2,15,12,12,12,14,13,12,13,12,11,9,11,12,10,10,9,8,9,10,8,9
20940,"El Centro, CA",NO2,98th Percentile,1,88,88,88,61,76,80,73,72,73,72,56,63,66,62,61,60,60,59,64,49,51
20940,"El Centro, CA",O3,4th Max,3,0.083,0.087,0.084,0.073,0.075,0.08,0.077,0.083,0.079,0.078,0.074,0.076,0.078,0.077,0.075,0.075,0.07,0.073,0.067,0.065,0.064
21340,"El Paso, TX",NO2,Annual Mean,3,19,19,19,18,16,15,17,17,16,15,15,15,14,13,12,12,12,12,13,11,13
21340,"El Paso, TX",NO2,98th Percentile,1,67,68,80,65,66,64,65,63,67,56,55,54,53,51,54,59,60,58,61,61,61
21340,"El Paso, TX",O3,4th Max,6,0.078,0.075,0.082,0.071,0.074,0.077,0.077,0.074,0.074,0.068,0.068,0.069,0.066,0.066,0.066,0.068,0.066,0.069,0.075,0.07,0.072
21060,"Elizabethtown-Fort Knox, KY",O3,4th Max,1,0.085,0.08,0.084,0.073,0.068,0.079,0.074,0.083,0.074,0.066,0.071,0.069,0.079,0.062,0.062,0.066,0.068,0.06,0.067,0.058,0.06
21140,"Elkhart-Goshen, IN",O3,4th Max,1,0.099,0.099,0.099,0.087,0.077,0.086,0.067,0.082,0.068,0.061,0.065,0.072,0.075,0.055,0.055,0.058,0.072,0.064,0.07,0.058,0.062
21500,"Erie, PA",NO2,Annual Mean,1,12,12,12,12,12,13,11,11,9,8,8,7,6,6,6,6,5,3,4,4,4
21500,"Erie, PA",NO2,98th Percentile,1,49,53,49,51,52,57,57,48,49,38,40,41,31,36,40,43,37,31,31,31,31
21500,"Erie, PA",O3,4th Max,1,0.078,0.089,0.098,0.091,0.074,0.086,0.077,0.084,0.074,0.069,0.075,0.072,0.082,0.068,0.065,0.066,0.067,0.063,0.062,0.063,0.061
21660,"Eugene, OR",O3,4th Max,2,0.056,0.064,0.066,0.075,0.066,0.068,0.073,0.06,0.059,0.065,0.058,0.059,0.061,0.055,0.058,0.07,0.057,0.072,0.06,0.055,0.054
21780,"Evansville, IN-KY",O3,4th Max,4,0.078,0.076,0.09,0.077,0.068,0.073,0.073,0.084,0.072,0.068,0.071,0.075,0.077,0.066,0.067,0.068,0.07,0.068,0.068,0.063,0.065
21780,"Evansville, IN-KY",SO2,99th Percentile,1,203,203,235,266,226,246,265,136,90,65,74,68,76,64,77,59,71,48,49,41,59
22020,"Fargo, ND-MN",NO2,Annual Mean,1,7,6,6,6,6,6,6,5,5,5,5,4,5,4,4,4,4,4,4,4,4
22020,"Fargo, ND-MN",NO2,98th Percentile,1,40,40,33,39,42,38,38,36,39,42,44,40,34,36,34,31,27,34,32,39,34
22020,"Fargo, ND-MN",O3,4th Max,1,0.062,0.062,0.062,0.065,0.056,0.061,0.065,0.055,0.055,0.057,0.063,0.057,0.063,0.059,0.059,0.057,0.054,0.061,0.063,0.062,0.056
22020,"Fargo, ND-MN",SO2,99th Percentile,1,6,8,5,5,6,7,5,5,5,6,6,4,4,3,3,2,2,4,3,3,3
22140,"Farmington, NM",NO2,Annual Mean,2,10,10,11,11,10,10,13,13,11,10,11,11,9,10,8,8,7,7,7,7,6
22140,"Farmington, NM",NO2,98th Percentile,1,44,42,41,55,40,39,59,44,35,35,40,36,37,38,32,32,34,30,25,24,24
22140,"Farmington, NM",O3,4th Max,2,0.08,0.074,0.076,0.074,0.069,0.074,0.067,0.071,0.066,0.056,0.064,0.067,0.071,0.067,0.063,0.061,0.064,0.07,0.074,0.063,0.066
22180,"Fayetteville, NC",O3,4th Max,1,0.086,0.081,0.094,0.086,0.072,0.084,0.072,0.08,0.075,0.065,0.071,0.073,0.068,0.062,0.061,0.06,0.064,0.063,0.064,0.061,0.055
22380,"Flagstaff, AZ",O3,4th Max,1,0.071,0.068,0.079,0.073,0.072,0.079,0.07,0.069,0.071,0.065,0.069,0.074,0.073,0.069,0.067,0.07,0.064,0.065,0.068,0.061,0.063
22420,"Flint, MI",O3,4th Max,2,0.073,0.091,0.089,0.089,0.076,0.08,0.074,0.083,0.069,0.068,0.068,0.073,0.084,0.066,0.068,0.067,0.073,0.064,0.069,0.06,0.068
22500,"Florence, SC",O3,4th Max,1,0.087,0.081,0.09,0.075,0.076,0.079,0.076,0.073,0.076,0.065,0.071,0.07,0.07,0.059,0.063,0.061,0.063,0.06,0.058,0.065,0.052
22540,"Fond du Lac, WI",O3,4th Max,1,0.069,0.084,0.08,0.077,0.068,0.082,0.066,0.074,0.062,0.066,0.062,0.074,0.079,0.063,0.067,0.065,0.066,0.062,0.066,0.057,0.065
22660,"Fond du Lac, WI",O3,4th Max,2,0.074,0.069,0.08,0.081,0.069,0.076,0.077,0.074,0.071,0.066,0.072,0.073,0.077,0.074,0.071,0.069,0.07,0.067,0.073,0.065,0.07
23060,"Fort Wayne, IN",O3,4th Max,2,0.086,0.078,0.095,0.087,0.071,0.081,0.072,0.079,0.068,0.065,0.067,0.071,0.076,0.062,0.063,0.061,0.068,0.063,0.071,0.063,0.064
23420,"Fort Wayne, IN",NO2,Annual Mean,4,16,16,16,16,14,13,14,13,11,10,9,10,10,11,11,9,8,9,10,8,9
23420,"Fort Wayne, IN",O3,4th Max,4,0.106,0.107,0.112,0.104,0.089,0.093,0.094,0.087,0.101,0.093,0.095,0.096,0.093,0.089,0.09,0.09,0.089,0.089,0.083,0.077,0.085
23460,"Gadsden, AL",O3,4th Max,1,0.083,0.083,0.083,0.076,0.068,0.071,0.074,0.075,0.064,0.061,0.065,0.062,0.061,0.06,0.059,0.06,0.064,0.061,0.064,0.063,0.053
23900,"Gadsden, AL",NO2,Annual Mean,1,4,3,3,3,4,3,4,4,2,3,3,1,2,2,2,2,1,1,1,2,2
23940,"Gillette, WY",NO2,Annual Mean,1,3,3,3,2,2,2,2,2,2,2,2,2,2,1,1,1,1,1,1,1,1
23940,"Gillette, WY",O3,4th Max,1,0.069,0.069,0.071,0.074,0.065,0.063,0.072,0.072,0.066,0.062,0.063,0.061,0.071,0.061,0.058,0.059,0.057,0.064,0.064,0.055,0.062
24340,"Gillette, WY",O3,4th Max,3,0.073,0.085,0.089,0.089,0.07,0.084,0.082,0.086,0.067,0.069,0.069,0.077,0.081,0.069,0.068,0.066,0.074,0.065,0.07,0.063,0.074
24540,"Greeley, CO",O3,4th Max,1,0.08,0.08,0.08,0.083,0.069,0.078,0.082,0.074,0.073,0.067,0.073,0.077,0.08,0.073,0.07,0.073,0.067,0.072,0.073,0.065,0.072
24580,"Green Bay, WI",O3,4th Max,2,0.078,0.089,0.088,0.087,0.072,0.084,0.072,0.084,0.064,0.068,0.072,0.068,0.083,0.067,0.066,0.068,0.07,0.065,0.069,0.06,0.064
24580,"Green Bay, WI",SO2,99th Percentile,1,87,67,62,58,53,78,68,77,78,67,69,72,72,76,79,69,13,11,12,5,6
24660,"Greensboro-High Point, NC",O3,4th Max,1,0.082,0.094,0.096,0.083,0.074,0.078,0.075,0.082,0.084,0.068,0.074,0.071,0.076,0.062,0.065,0.066,0.067,0.064,0.065,0.062,0.055
24860,"Greenville-Anderson-Mauldin, SC",O3,4th Max,1,0.081,0.088,0.088,0.078,0.074,0.081,0.081,0.081,0.08,0.066,0.072,0.075,0.068,0.06,0.062,0.06,0.067,0.062,0.059,0.068,0.068
25060,"Gulfport-Biloxi-Pascagoula, MS",O3,4th Max,2,0.09,0.082,0.074,0.084,0.08,0.082,0.083,0.08,0.077,0.076,0.073,0.073,0.074,0.063,0.074,0.066,0.063,0.064,0.068,0.061,0.059
25180,"Hagerstown-Martinsburg, MD-WV",O3,4th Max,2,0.084,0.087,0.093,0.08,0.074,0.077,0.078,0.078,0.074,0.066,0.076,0.071,0.072,0.065,0.061,0.067,0.067,0.061,0.064,0.057,0.056
25260,"Hanford-Corcoran, CA",O3,4th Max,1,0.105,0.093,0.101,0.092,0.088,0.085,0.086,0.08,0.088,0.095,0.103,0.086,0.082,0.085,0.086,0.085,0.083,0.085,0.08,0.076,0.084
25420,"Harrisburg-Carlisle, PA",O3,4th Max,2,0.084,0.089,0.096,0.077,0.074,0.085,0.079,0.081,0.079,0.065,0.076,0.074,0.073,0.066,0.063,0.068,0.069,0.06,0.067,0.063,0.061
25460,"Harrison, AR",O3,4th Max,1,0.074,0.076,0.081,0.075,0.071,0.073,0.073,0.074,0.064,0.065,0.07,0.069,0.068,0.062,0.062,0.061,0.056,0.056,0.062,0.058,0.06
25540,"Hartford-West Hartford-East Hartford, CT",NO2,Annual Mean,1,17,20,17,17,15,16,13,12,11,10,10,11,9,8,9,10,9,9,8,8,8
25540,"Hartford-West Hartford-East Hartford, CT",NO2,98th Percentile,1,60,64,57,58,54,59,48,49,44,46,44,58,37,41,45,47,43,47,40,39,36
25540,"Hartford-West Hartford-East Hartford, CT",O3,4th Max,2,0.079,0.098,0.101,0.079,0.079,0.093,0.088,0.092,0.082,0.07,0.078,0.071,0.08,0.079,0.077,0.074,0.074,0.07,0.069,0.073,0.064
25860,"Hickory-Lenoir-Morganton, NC",O3,4th Max,1,0.085,0.082,0.092,0.079,0.07,0.075,0.076,0.077,0.072,0.064,0.071,0.066,0.064,0.062,0.061,0.065,0.066,0.063,0.065,0.06,0.052
26090,"Holland, MI",O3,4th Max,1,0.08,0.092,0.105,0.095,0.079,0.094,0.091,0.094,0.073,0.076,0.073,0.085,0.095,0.078,0.077,0.072,0.076,0.071,0.074,0.071,0.076
26380,"Houma-Thibodaux, LA",O3,4th Max,1,0.085,0.084,0.072,0.08,0.078,0.081,0.081,0.076,0.074,0.067,0.074,0.076,0.072,0.065,0.067,0.064,0.065,0.061,0.063,0.063,0.06
26420,"Houma-Thibodaux, LA",NO2,Annual Mean,11,12,13,12,12,12,11,11,11,10,9,9,8,8,8,7,8,7,7,7,7,7
26420,"Houma-Thibodaux, LA",NO2,98th Percentile,11,53,54,51,51,49,48,47,47,46,43,44,43,41,41,38,41,38,37,38,38,36
26420,"Houma-Thibodaux, LA",O3,4th Max,15,0.1,0.095,0.09,0.097,0.093,0.087,0.091,0.08,0.075,0.079,0.079,0.082,0.081,0.074,0.066,0.082,0.067,0.071,0.075,0.073,0.068
26420,"Houma-Thibodaux, LA",SO2,99th Percentile,2,73,64,64,65,62,62,52,45,31,31,32,33,21,19,22,15,11,19,20,10,10
26540,"Huntington, IN",O3,4th Max,1,0.087,0.082,0.089,0.083,0.069,0.078,0.072,0.078,0.06,0.062,0.062,0.069,0.067,0.059,0.056,0.054,0.066,0.061,0.066,0.06,0.06
26580,"Huntington-Ashland, WV-KY-OH",NO2,Annual Mean,1,11,11,11,10,10,11,10,11,10,9,8,7,6,6,6,6,5,4,5,5,5
26580,"Huntington-Ashland, WV-KY-OH",NO2,98th Percentile,1,42,42,42,38,36,38,39,39,42,36,37,34,30,30,32,35,29,30,27,27,27
26580,"Huntington-Ashland, WV-KY-OH",O3,4th Max,4,0.085,0.09,0.092,0.08,0.065,0.076,0.076,0.081,0.073,0.063,0.07,0.069,0.074,0.061,0.063,0.067,0.065,0.061,0.064,0.059,0.059
26580,"Huntington-Ashland, WV-KY-OH",SO2,99th Percentile,2,57,55,50,49,69,53,53,54,40,28,38,41,14,14,18,13,7,7,10,7,6
26620,"Huntsville, AL",O3,4th Max,1,0.088,0.08,0.078,0.079,0.077,0.075,0.079,0.082,0.073,0.066,0.071,0.072,0.076,0.064,0.064,0.063,0.066,0.063,0.065,0.063,0.057
26820,"Idaho Falls, ID",O3,4th Max,1,0.068,0.056,0.069,0.07,0.063,0.064,0.066,0.067,0.067,0.058,0.062,0.063,0.066,0.06,0.062,0.061,0.058,0.063,0.069,0.058,0.066
26900,"Idaho Falls, ID",O3,4th Max,7,0.084,0.086,0.099,0.085,0.071,0.08,0.075,0.081,0.069,0.07,0.068,0.072,0.076,0.063,0.062,0.061,0.068,0.066,0.072,0.064,0.064
26900,"Idaho Falls, ID",SO2,99th Percentile,1,89,98,111,122,116,103,127,122,79,75,103,63,92,78,106,54,15,6,4,5,6
27220,"Jackson, WY-ID",O3,4th Max,1,0.065,0.066,0.066,0.065,0.06,0.06,0.069,0.065,0.065,0.063,0.066,0.066,0.067,0.063,0.06,0.062,0.06,0.063,0.064,0.061,0.066
27260,"Jackson, WY-ID",NO2,Annual Mean,1,15,13,15,14,14,13,12,10,9,8,9,8,8,8,8,7,7,7,7,7,6
27260,"Jackson, WY-ID",O3,4th Max,2,0.075,0.072,0.068,0.071,0.074,0.072,0.074,0.073,0.069,0.061,0.067,0.066,0.06,0.057,0.061,0.059,0.059,0.061,0.06,0.062,0.056
27260,"Jackson, WY-ID",SO2,99th Percentile,3,107,99,100,68,80,90,94,53,42,37,85,65,34,33,37,27,25,20,22,24,28
27460,"Jamestown-Dunkirk-Fredonia, NY",O3,4th Max,1,0.087,0.09,0.1,0.094,0.085,0.089,0.083,0.086,0.084,0.068,0.08,0.069,0.081,0.066,0.066,0.071,0.069,0.066,0.071,0.065,0.064
27460,"Jamestown-Dunkirk-Fredonia, NY",SO2,99th Percentile,1,313,278,254,324,162,82,59,43,45,46,30,26,26,15,14,21,5,3,3,3,3
27540,"Jamestown-Dunkirk-Fredonia, NY",SO2,99th Percentile,1,107,155,130,183,151,119,161,172,205,194,157,119,140,169,157,74,26,24,19,19,19
27780,"Jamestown-Dunkirk-Fredonia, NY",NO2,Annual Mean,1,15,14,12,13,13,13,12,12,12,9,10,9,9,8,7,9,7,6,5,6,6
27780,"Jamestown-Dunkirk-Fredonia, NY",NO2,98th Percentile,1,48,46,42,42,45,45,42,44,45,38,43,42,34,37,41,39,36,32,34,34,31
27780,"Jamestown-Dunkirk-Fredonia, NY",O3,4th Max,1,0.086,0.09,0.088,0.083,0.071,0.077,0.073,0.072,0.067,0.064,0.072,0.072,0.073,0.065,0.06,0.065,0.064,0.062,0.059,0.054,0.06
27780,"Jamestown-Dunkirk-Fredonia, NY",SO2,99th Percentile,1,88,92,82,90,86,97,94,68,75,68,56,39,44,49,54,34,21,19,17,13,8
28020,"Kalamazoo-Portage, MI",O3,4th Max,1,0.07,0.085,0.09,0.085,0.068,0.081,0.068,0.081,0.07,0.071,0.067,0.075,0.084,0.068,0.067,0.067,0.074,0.068,0.071,0.061,0.072
28060,"Kalispell, MT",O3,4th Max,1,0.056,0.049,0.052,0.061,0.054,0.057,0.059,0.054,0.057,0.055,0.055,0.055,0.055,0.054,0.052,0.057,0.05,0.053,0.055,0.053,0.052
28140,"Kalispell, MT",NO2,Annual Mean,2,17,18,18,19,17,18,17,16,17,13,14,14,13,12,12,12,12,10,11,10,9
28140,"Kalispell, MT",NO2,98th Percentile,1,62,60,57,59,58,58,60,53,62,45,54,53,52,51,51,45,45,45,43,40,38
28140,"Kalispell, MT",O3,4th Max,5,0.087,0.078,0.085,0.086,0.066,0.083,0.086,0.078,0.067,0.069,0.069,0.074,0.083,0.067,0.065,0.064,0.065,0.066,0.071,0.062,0.063
28140,"Kalispell, MT",SO2,99th Percentile,2,57,30,58,77,97,96,112,102,110,109,109,105,109,105,90,90,10,12,6,6,6
28300,"Keene, NH",O3,4th Max,1,0.063,0.074,0.084,0.071,0.069,0.074,0.067,0.073,0.068,0.062,0.064,0.062,0.063,0.063,0.06,0.059,0.066,0.064,0.061,0.053,0.05
28700,"Kingsport-Bristol-Bristol, TN-VA",O3,4th Max,2,0.095,0.086,0.093,0.081,0.075,0.082,0.082,0.088,0.074,0.067,0.072,0.073,0.076,0.063,0.063,0.066,0.068,0.065,0.065,0.064,0.056
28820,"Kinston, NC",O3,4th Max,1,0.081,0.077,0.085,0.082,0.069,0.081,0.071,0.077,0.074,0.064,0.069,0.069,0.069,0.063,0.065,0.062,0.063,0.062,0.064,0.062,0.056
28940,"Knoxville, TN",O3,4th Max,4,0.096,0.087,0.099,0.086,0.075,0.084,0.082,0.087,0.08,0.067,0.075,0.075,0.075,0.061,0.062,0.066,0.068,0.064,0.065,0.063,0.055
29060,"Laconia, NH",O3,4th Max,1,0.078,0.078,0.08,0.076,0.07,0.073,0.067,0.075,0.07,0.062,0.064,0.061,0.065,0.06,0.061,0.055,0.06,0.063,0.056,0.052,0.053
29200,"Lafayette-West Lafayette, IN",O3,4th Max,1,0.079,0.079,0.096,0.079,0.071,0.075,0.073,0.078,0.065,0.063,0.072,0.068,0.075,0.065,0.064,0.064,0.066,0.061,0.066,0.061,0.062
29340,"Lake Charles, LA",O3,4th Max,2,0.086,0.079,0.074,0.084,0.078,0.085,0.078,0.076,0.071,0.077,0.076,0.074,0.072,0.066,0.067,0.069,0.064,0.063,0.068,0.065,0.061
29340,"Lake Charles, LA",SO2,99th Percentile,1,62,54,65,70,48,47,39,41,37,46,34,37,42,31,33,33,34,23,29,14,14
29380,"Lake City, FL",O3,4th Max,1,0.074,0.074,0.068,0.073,0.071,0.074,0.071,0.072,0.067,0.057,0.068,0.064,0.062,0.059,0.06,0.058,0.061,0.062,0.063,0.063,0.049
29460,"Lakeland-Winter Haven, FL",O3,4th Max,2,0.078,0.084,0.072,0.076,0.072,0.075,0.077,0.075,0.072,0.066,0.066,0.07,0.071,0.064,0.063,0.063,0.063,0.072,0.066,0.067,0.062
29540,"Lancaster, PA",O3,4th Max,1,0.09,0.097,0.097,0.083,0.081,0.085,0.085,0.083,0.08,0.069,0.082,0.078,0.081,0.066,0.066,0.071,0.071,0.068,0.069,0.065,0.062
29700,"Laredo, TX",O3,4th Max,1,0.07,0.063,0.066,0.065,0.061,0.064,0.06,0.059,0.056,0.052,0.063,0.064,0.064,0.065,0.057,0.056,0.05,0.054,0.058,0.059,0.06
29740,"Las Cruces, NM",NO2,Annual Mean,2,8,8,8,8,7,7,7,7,7,6,7,6,6,5,6,6,6,5,6,6,7
29740,"Las Cruces, NM",NO2,98th Percentile,2,58,53,51,51,49,48,49,46,51,48,47,45,44,41,43,43,43,42,44,44,47
29740,"Las Cruces, NM",O3,4th Max,4,0.077,0.073,0.077,0.075,0.072,0.072,0.074,0.071,0.071,0.065,0.065,0.069,0.073,0.071,0.068,0.07,0.068,0.073,0.076,0.073,0.072
29820,"Las Cruces, NM",O3,4th Max,8,0.078,0.077,0.081,0.08,0.078,0.082,0.08,0.079,0.074,0.071,0.07,0.074,0.076,0.073,0.074,0.07,0.068,0.07,0.072,0.066,0.071
30460,"Lexington-Fayette, KY",NO2,Annual Mean,1,13,13,12,12,12,12,12,11,8,8,9,8,8,7,7,7,7,5,3,6,5
30460,"Lexington-Fayette, KY",NO2,98th Percentile,1,53,56,54,48,52,53,50,56,49,44,56,47,45,44,39,41,43,37,31,42,38
30460,"Lexington-Fayette, KY",O3,4th Max,2,0.077,0.077,0.083,0.071,0.064,0.078,0.07,0.079,0.07,0.064,0.07,0.074,0.078,0.061,0.065,0.069,0.066,0.063,0.063,0.059,0.06
30460,"Lexington-Fayette, KY",SO2,99th Percentile,1,48,70,32,43,42,39,46,52,35,42,40,23,15,12,13,9,3,4,5,4,3
30700,"Lincoln, NE",O3,4th Max,1,0.057,0.051,0.054,0.06,0.056,0.056,0.056,0.054,0.051,0.053,0.05,0.053,0.058,0.055,0.061,0.061,0.058,0.062,0.062,0.056,0.054
30780,"Little Rock-North Little Rock-Conway, AR",NO2,Annual Mean,1,15,15,15,14,14,12,12,11,9,9,10,10,11,10,9,9,8,8,7,8,7
30780,"Little Rock-North Little Rock-Conway, AR",NO2,98th Percentile,1,62,62,62,54,54,54,50,46,40,40,51,47,55,47,45,45,41,39,42,38,36
30780,"Little Rock-North Little Rock-Conway, AR",O3,4th Max,2,0.09,0.079,0.085,0.075,0.073,0.083,0.083,0.081,0.068,0.072,0.072,0.078,0.078,0.067,0.066,0.063,0.064,0.06,0.066,0.059,0.062
30980,"Longview, TX",NO2,Annual Mean,1,6,7,7,7,7,7,7,7,7,5,7,6,5,5,4,4,4,3,4,3,3
30980,"Longview, TX",NO2,98th Percentile,1,33,33,30,32,29,30,30,28,32,33,42,36,26,23,24,23,23,18,19,18,16
30980,"Longview, TX",O3,4th Max,1,0.099,0.082,0.084,0.082,0.083,0.088,0.084,0.081,0.071,0.073,0.078,0.082,0.078,0.071,0.066,0.068,0.065,0.062,0.068,0.067,0.055
30980,"Longview, TX",SO2,99th Percentile,1,70,71,46,71,67,68,64,103,65,56,76,51,42,65,42,30,33,27,51,46,50
31080,"Longview, TX",NO2,Annual Mean,11,29,28,27,26,23,22,22,22,21,19,18,17,16,16,15,14,14,14,13,12,12
31080,"Longview, TX",NO2,98th Percentile,7,96,91,86,90,80,70,73,73,72,64,60,58,56,55,56,53,51,50,49,45,47
31080,"Longview, TX",O3,4th Max,12,0.091,0.088,0.093,0.101,0.09,0.087,0.092,0.088,0.091,0.088,0.076,0.079,0.08,0.076,0.083,0.083,0.083,0.09,0.083,0.08,0.096
31140,"Louisville/Jefferson County, KY-IN",O3,4th Max,4,0.082,0.081,0.094,0.079,0.071,0.084,0.077,0.082,0.074,0.068,0.075,0.081,0.085,0.068,0.068,0.069,0.07,0.067,0.07,0.064,0.064
31140,"Louisville/Jefferson County, KY-IN",SO2,99th Percentile,3,131,122,117,126,126,133,137,163,124,112,110,63,72,69,78,36,18,11,12,9,8
31220,"Ludington, MI",O3,4th Max,1,0.081,0.093,0.089,0.087,0.071,0.085,0.076,0.083,0.068,0.068,0.07,0.072,0.085,0.068,0.07,0.066,0.074,0.064,0.068,0.057,0.068
31420,"Macon, GA",O3,4th Max,1,0.097,0.086,0.093,0.081,0.086,0.082,0.077,0.08,0.078,0.07,0.071,0.078,0.072,0.064,0.065,0.062,0.07,0.063,0.064,0.066,0.054
31460,"Madera, CA",NO2,Annual Mean,1,13,11,12,10,10,10,11,10,10,9,8,8,8,7,6,6,6,6,6,6,6
31460,"Madera, CA",O3,4th Max,1,0.088,0.09,0.096,0.093,0.078,0.076,0.081,0.077,0.091,0.085,0.078,0.08,0.078,0.079,0.088,0.08,0.081,0.081,0.072,0.075,0.081
31540,"Madison, WI",O3,4th Max,2,0.072,0.078,0.081,0.078,0.065,0.079,0.066,0.079,0.064,0.063,0.062,0.068,0.074,0.067,0.068,0.064,0.068,0.064,0.066,0.059,0.07
31820,"Manitowoc, WI",O3,4th Max,1,0.084,0.097,0.083,0.092,0.074,0.095,0.078,0.085,0.064,0.078,0.077,0.076,0.088,0.073,0.066,0.077,0.074,0.071,0.076,0.066,0.069
31930,"Marietta, OH",O3,4th Max,1,0.082,0.085,0.095,0.08,0.077,0.088,0.081,0.086,0.078,0.067,0.076,0.071,0.075,0.063,0.063,0.068,0.064,0.062,0.066,0.062,0.059
32220,"Marshall, TX",NO2,Annual Mean,1,3,3,3,4,3,4,4,4,4,3,4,4,4,3,3,2,2,2,2,2,2
32220,"Marshall, TX",NO2,98th Percentile,1,25,25,25,23,19,25,25,19,20,19,24,28,20,19,18,18,16,20,15,16,14
32220,"Marshall, TX",O3,4th Max,1,0.088,0.088,0.088,0.08,0.077,0.084,0.08,0.069,0.068,0.068,0.074,0.076,0.072,0.07,0.066,0.062,0.059,0.063,0.061,0.062,0.055
32540,"McAlester, OK",O3,4th Max,1,0.076,0.076,0.076,0.076,0.068,0.071,0.077,0.071,0.067,0.067,0.068,0.078,0.076,0.071,0.062,0.06,0.059,0.061,0.069,0.065,0.057
32580,"McAllen-Edinburg-Mission, TX",O3,4th Max,1,0.077,0.074,0.074,0.073,0.07,0.069,0.06,0.055,0.058,0.06,0.065,0.062,0.061,0.055,0.056,0.058,0.052,0.055,0.059,0.053,0.055
32780,"Medford, OR",O3,4th Max,1,0.067,0.064,0.078,0.072,0.069,0.068,0.068,0.066,0.07,0.065,0.061,0.057,0.066,0.067,0.059,0.069,0.049,0.078,0.074,0.062,0.06
32820,"Memphis, TN-MS-AR",O3,4th Max,4,0.092,0.085,0.091,0.083,0.077,0.086,0.086,0.082,0.077,0.07,0.076,0.078,0.08,0.066,0.067,0.065,0.069,0.063,0.069,0.065,0.063
32900,"Merced, CA",NO2,Annual Mean,1,12,12,12,12,11,11,10,9,9,8,7,7,7,8,8,7,7,7,7,6,7
32900,"Merced, CA",O3,4th Max,1,0.103,0.096,0.105,0.107,0.096,0.083,0.087,0.087,0.105,0.08,0.09,0.082,0.079,0.083,0.082,0.083,0.082,0.078,0.079,0.072,0.079
32940,"Meridian, MS",O3,4th Max,1,0.08,0.076,0.073,0.071,0.069,0.078,0.079,0.072,0.064,0.058,0.062,0.066,0.063,0.061,0.058,0.056,0.058,0.055,0.062,0.059,0.051
33060,"Miami, OK",O3,4th Max,1,0.081,0.081,0.076,0.08,0.078,0.079,0.079,0.073,0.066,0.063,0.068,0.079,0.083,0.066,0.055,0.056,0.053,0.06,0.059,0.055,0.046
33100,"Miami, OK",NO2,Annual Mean,3,11,10,9,9,9,9,9,7,6,6,7,6,5,5,7,5,5,6,5,5,4
33100,"Miami, OK",NO2,98th Percentile,2,58,55,46,49,53,53,54,48,43,40,46,38,41,42,45,36,40,40,42,40,39
33100,"Miami, OK",O3,4th Max,4,0.075,0.071,0.064,0.065,0.063,0.065,0.075,0.067,0.067,0.062,0.064,0.06,0.062,0.061,0.062,0.061,0.061,0.064,0.064,0.058,0.058
33140,"Michigan City-La Porte, IN",O3,4th Max,2,0.077,0.085,0.104,0.083,0.068,0.087,0.072,0.076,0.062,0.065,0.069,0.075,0.09,0.067,0.066,0.064,0.07,0.075,0.077,0.066,0.072
33180,"Middlesborough, KY",O3,4th Max,1,0.09,0.077,0.091,0.078,0.069,0.077,0.066,0.071,0.07,0.06,0.068,0.062,0.066,0.058,0.062,0.059,0.062,0.06,0.061,0.059,0.053
33340,"Milwaukee-Waukesha-West Allis, WI",O3,4th Max,4,0.085,0.095,0.093,0.09,0.071,0.092,0.071,0.081,0.066,0.069,0.078,0.072,0.089,0.068,0.07,0.069,0.074,0.07,0.073,0.064,0.073
33460,"Milwaukee-Waukesha-West Allis, WI",NO2,Annual Mean,2,11,10,9,10,9,9,10,10,7,7,8,7,8,7,7,6,6,6,6,6,5
33460,"Milwaukee-Waukesha-West Allis, WI",NO2,98th Percentile,1,41,41,33,34,36,37,35,34,32,29,30,30,29,29,28,25,24,23,28,25,22
33460,"Milwaukee-Waukesha-West Allis, WI",O3,4th Max,3,0.065,0.076,0.073,0.07,0.062,0.073,0.069,0.07,0.058,0.06,0.064,0.064,0.068,0.064,0.062,0.06,0.061,0.061,0.062,0.059,0.06
33460,"Milwaukee-Waukesha-West Allis, WI",SO2,99th Percentile,4,39,34,27,44,39,37,27,24,23,20,20,10,10,11,9,7,7,8,8,7,7
33660,"Mobile, AL",O3,4th Max,2,0.091,0.074,0.077,0.081,0.076,0.073,0.083,0.079,0.073,0.07,0.076,0.071,0.07,0.061,0.069,0.062,0.063,0.064,0.065,0.058,0.052
33700,"Modesto, CA",NO2,Annual Mean,1,16,17,17,15,14,13,13,12,12,11,10,11,11,11,10,9,9,10,10,9,9
33700,"Modesto, CA",NO2,98th Percentile,1,55,62,68,58,55,53,51,46,52,48,39,41,44,46,41,36,42,46,47,44,41
33700,"Modesto, CA",O3,4th Max,2,0.089,0.093,0.095,0.088,0.084,0.084,0.091,0.076,0.098,0.083,0.08,0.081,0.085,0.078,0.081,0.084,0.083,0.084,0.081,0.079,0.079
33740,"Monroe, LA",O3,4th Max,1,0.081,0.077,0.078,0.08,0.073,0.079,0.076,0.065,0.057,0.066,0.07,0.063,0.058,0.062,0.059,0.06,0.06,0.061,0.057,0.059,0.057
33860,"Montgomery, AL",O3,4th Max,1,0.086,0.077,0.081,0.066,0.063,0.069,0.074,0.08,0.069,0.064,0.072,0.07,0.066,0.061,0.062,0.063,0.063,0.057,0.062,0.06,0.053
34060,"Morgantown, WV",O3,4th Max,1,0.08,0.076,0.087,0.075,0.066,0.081,0.077,0.078,0.066,0.063,0.077,0.069,0.072,0.064,0.064,0.069,0.059,0.061,0.062,0.06,0.062
34060,"Morgantown, WV",SO2,99th Percentile,1,186,197,282,176,182,140,181,193,130,182,24,22,16,14,15,16,9,11,12,14,10
34100,"Morristown, TN",O3,4th Max,1,0.095,0.091,0.099,0.085,0.078,0.084,0.083,0.085,0.075,0.068,0.079,0.073,0.082,0.065,0.067,0.07,0.068,0.065,0.067,0.065,0.058
34620,"Muncie, IN",O3,4th Max,1,0.084,0.084,0.095,0.085,0.07,0.081,0.072,0.079,0.062,0.068,0.067,0.07,0.075,0.061,0.054,0.058,0.067,0.063,0.07,0.059,0.062
34740,"Muskegon, MI",O3,4th Max,1,0.078,0.095,0.096,0.094,0.07,0.09,0.09,0.086,0.072,0.074,0.076,0.079,0.091,0.073,0.075,0.074,0.076,0.074,0.08,0.068,0.08
34940,"Naples-Immokalee-Marco Island, FL",O3,4th Max,1,0.061,0.061,0.061,0.073,0.071,0.065,0.07,0.069,0.071,0.061,0.059,0.06,0.059,0.061,0.058,0.057,0.058,0.062,0.062,0.059,0.057
34980,"Nashville-Davidson--Murfreesboro--Franklin, TN",NO2,Annual Mean,1,19,18,16,8,16,18,17,18,15,12,13,12,12,11,10,9,9,8,8,7,7
34980,"Nashville-Davidson--Murfreesboro--Franklin, TN",O3,4th Max,5,0.085,0.079,0.084,0.077,0.072,0.078,0.078,0.082,0.072,0.064,0.073,0.071,0.078,0.065,0.066,0.064,0.066,0.062,0.067,0.063,0.06
35260,"New Castle, PA",O3,4th Max,1,0.069,0.078,0.087,0.077,0.068,0.075,0.07,0.075,0.069,0.063,0.068,0.071,0.082,0.068,0.068,0.069,0.068,0.062,0.066,0.056,0.06
35380,"New Orleans-Metairie, LA",NO2,Annual Mean,1,11,10,9,10,9,9,10,9,9,8,8,8,8,6,7,6,7,6,6,5,5
35380,"New Orleans-Metairie, LA",NO2,98th Percentile,1,54,53,46,47,46,50,53,55,52,48,47,51,46,46,42,45,39,37,37,36,34
35380,"New Orleans-Metairie, LA",O3,4th Max,3,0.091,0.079,0.072,0.083,0.077,0.079,0.08,0.082,0.07,0.073,0.074,0.074,0.071,0.064,0.069,0.067,0.065,0.063,0.065,0.062,0.061
35620,"New Orleans-Metairie, LA",NO2,Annual Mean,5,25,25,24,23,21,22,20,18,17,17,15,16,14,14,14,14,13,12,12,12,11
35620,"New Orleans-Metairie, LA",NO2,98th Percentile,4,74,73,69,68,66,67,63,57,58,56,55,56,52,50,55,49,47,47,48,47,43
35620,"New Orleans-Metairie, LA",O3,4th Max,14,0.088,0.093,0.101,0.088,0.079,0.09,0.084,0.086,0.082,0.07,0.08,0.079,0.078,0.07,0.067,0.073,0.072,0.07,0.072,0.066,0.063
35620,"New Orleans-Metairie, LA",SO2,99th Percentile,7,45,48,43,47,47,46,37,32,31,28,20,22,16,10,10,7,5,4,5,5,5
35660,"Niles-Benton Harbor, MI",O3,4th Max,1,0.077,0.088,0.098,0.089,0.073,0.09,0.076,0.086,0.073,0.07,0.072,0.083,0.091,0.074,0.073,0.072,0.078,0.069,0.073,0.066,0.078
35840,"North Port-Sarasota-Bradenton, FL",O3,4th Max,5,0.082,0.08,0.072,0.077,0.077,0.075,0.077,0.073,0.071,0.061,0.067,0.07,0.065,0.066,0.063,0.062,0.06,0.065,0.065,0.065,0.057
36100,"Ocala, FL",O3,4th Max,2,0.076,0.073,0.075,0.074,0.074,0.072,0.073,0.073,0.07,0.059,0.067,0.066,0.061,0.061,0.062,0.058,0.061,0.062,0.062,0.061,0.059
36260,"Ogden-Clearfield, UT",NO2,Annual Mean,1,27,27,27,26,24,24,21,25,23,22,17,16,16,17,16,15,15,18,17,17,17
36260,"Ogden-Clearfield, UT",O3,4th Max,2,0.078,0.078,0.084,0.08,0.069,0.082,0.081,0.08,0.074,0.069,0.07,0.069,0.075,0.072,0.069,0.071,0.07,0.071,0.075,0.068,0.073
36420,"Oklahoma City, OK",NO2,Annual Mean,1,13,13,14,11,10,12,10,10,10,8,9,10,9,9,7,7,7,7,7,7,7
36420,"Oklahoma City, OK",NO2,98th Percentile,1,57,55,59,55,54,53,55,52,54,45,47,55,60,46,46,43,45,43,41,41,41
36420,"Oklahoma City, OK",O3,4th Max,6,0.081,0.08,0.078,0.079,0.072,0.076,0.081,0.073,0.071,0.072,0.071,0.082,0.078,0.07,0.068,0.067,0.065,0.07,0.072,0.067,0.066
36540,"Omaha-Council Bluffs, NE-IA",O3,4th Max,1,0.063,0.056,0.07,0.064,0.069,0.069,0.072,0.066,0.057,0.055,0.058,0.057,0.066,0.058,0.059,0.055,0.063,0.061,0.063,0.05,0.055
36540,"Omaha-Council Bluffs, NE-IA",SO2,99th Percentile,1,22,22,22,37,52,109,64,95,70,73,58,65,73,56,54,57,65,55,29,38,34
36740,"Omaha-Council Bluffs, NE-IA",NO2,Annual Mean,1,12,12,11,11,10,9,8,7,6,6,6,5,5,5,5,4,4,4,5,4,3
36740,"Omaha-Council Bluffs, NE-IA",NO2,98th Percentile,1,59,54,49,51,48,45,46,43,38,38,40,33,35,34,36,25,29,30,30,30,30
36740,"Omaha-Council Bluffs, NE-IA",O3,4th Max,5,0.079,0.078,0.074,0.075,0.074,0.08,0.078,0.075,0.07,0.064,0.068,0.072,0.069,0.063,0.063,0.06,0.064,0.067,0.064,0.065,0.061
36740,"Omaha-Council Bluffs, NE-IA",SO2,99th Percentile,1,26,29,16,13,12,12,12,10,8,8,7,5,5,3,7,3,2,5,4,3,4
36980,"Owensboro, KY",NO2,Annual Mean,1,11,10,10,10,8,8,6,4,7,6,7,6,6,5,5,4,4,4,4,4,4
36980,"Owensboro, KY",NO2,98th Percentile,1,45,44,40,40,35,35,33,36,36,35,38,33,31,31,31,33,29,29,28,27,26
36980,"Owensboro, KY",O3,4th Max,2,0.077,0.075,0.09,0.073,0.069,0.078,0.076,0.084,0.072,0.068,0.073,0.078,0.084,0.065,0.065,0.068,0.068,0.064,0.064,0.063,0.065
36980,"Owensboro, KY",SO2,99th Percentile,1,73,72,89,98,81,91,58,64,54,43,68,40,37,45,48,37,25,17,17,34,12
37080,"Oxford, NC",O3,4th Max,1,0.091,0.094,0.098,0.09,0.081,0.085,0.076,0.083,0.081,0.07,0.074,0.072,0.072,0.063,0.065,0.063,0.065,0.065,0.065,0.062,0.054
37100,"Oxnard-Thousand Oaks-Ventura, CA",NO2,Annual Mean,2,17,15,13,13,12,13,11,11,10,10,9,8,8,8,8,7,7,7,7,6,6
37100,"Oxnard-Thousand Oaks-Ventura, CA",NO2,98th Percentile,2,61,55,51,52,47,47,43,43,43,39,39,37,36,35,36,32,32,33,33,30,29
37100,"Oxnard-Thousand Oaks-Ventura, CA",O3,4th Max,5,0.087,0.088,0.084,0.087,0.084,0.08,0.081,0.075,0.079,0.079,0.074,0.074,0.071,0.068,0.076,0.069,0.071,0.074,0.066,0.067,0.075
37140,"Paducah, KY-IL",NO2,Annual Mean,1,11,11,9,9,9,9,9,9,8,5,7,6,6,6,6,6,5,5,5,5,4
37140,"Paducah, KY-IL",NO2,98th Percentile,1,56,51,46,44,44,45,43,43,42,40,47,37,36,34,36,39,31,31,28,32,30
37140,"Paducah, KY-IL",O3,4th Max,2,0.083,0.081,0.088,0.078,0.069,0.075,0.073,0.079,0.068,0.066,0.07,0.071,0.087,0.065,0.065,0.063,0.066,0.063,0.067,0.061,0.064
37140,"Paducah, KY-IL",SO2,99th Percentile,1,30,30,24,24,24,26,25,28,26,25,25,27,24,18,20,18,16,12,10,13,7
37260,"Paducah, KY-IL",SO2,99th Percentile,1,54,60,43,53,48,60,61,34,39,44,33,32,26,27,25,22,12,20,13,9,8
37340,"Palm Bay-Melbourne-Titusville, FL",O3,4th Max,2,0.078,0.079,0.068,0.072,0.067,0.07,0.076,0.068,0.068,0.063,0.064,0.066,0.065,0.063,0.061,0.059,0.06,0.061,0.06,0.053,0.058
37460,"Panama City, FL",O3,4th Max,1,0.082,0.082,0.071,0.083,0.08,0.078,0.077,0.077,0.075,0.065,0.072,0.07,0.066,0.063,0.065,0.061,0.062,0.059,0.06,0.062,0.058
37620,"Parkersburg-Vienna, WV",O3,4th Max,1,0.087,0.084,0.095,0.083,0.069,0.084,0.08,0.084,0.071,0.061,0.073,0.065,0.077,0.064,0.067,0.071,0.067,0.058,0.061,0.061,0.058
37620,"Parkersburg-Vienna, WV",SO2,99th Percentile,1,193,163,125,131,171,167,97,128,149,119,84,54,24,25,31,28,18,19,16,22,19
37740,"Payson, AZ",O3,4th Max,1,0.087,0.087,0.087,0.084,0.077,0.084,0.081,0.076,0.078,0.072,0.07,0.076,0.078,0.072,0.072,0.073,0.07,0.076,0.076,0.075,0.081
37740,"Payson, AZ",SO2,99th Percentile,1,177,267,232,280,292,295,241,322,257,274,314,189,353,256,236,246,359,280,208,191,3
37860,"Pensacola-Ferry Pass-Brent, FL",O3,4th Max,2,0.09,0.079,0.073,0.082,0.081,0.082,0.083,0.081,0.074,0.071,0.073,0.072,0.07,0.065,0.07,0.062,0.062,0.065,0.067,0.063,0.058
37860,"Pensacola-Ferry Pass-Brent, FL",SO2,99th Percentile,1,140,100,84,76,85,69,79,81,119,74,45,22,14,29,33,9,8,8,5,12,4
37900,"Peoria, IL",O3,4th Max,2,0.072,0.074,0.083,0.072,0.064,0.075,0.067,0.078,0.064,0.061,0.064,0.068,0.072,0.062,0.064,0.062,0.067,0.066,0.07,0.063,0.067
37980,"Peoria, IL",NO2,Annual Mean,2,19,19,19,19,18,17,17,16,15,14,12,12,11,10,11,11,10,10,9,9,9
37980,"Peoria, IL",O3,4th Max,11,0.095,0.098,0.106,0.086,0.082,0.089,0.084,0.088,0.084,0.07,0.082,0.083,0.083,0.068,0.071,0.073,0.075,0.073,0.073,0.067,0.063
37980,"Peoria, IL",SO2,99th Percentile,2,112,118,118,116,85,124,93,46,47,28,30,25,19,12,12,10,10,4,5,7,7
38060,"Peoria, IL",NO2,Annual Mean,2,29,27,29,28,24,25,24,22,20,19,18,19,20,19,19,17,17,18,17,15,15
38060,"Peoria, IL",NO2,98th Percentile,2,101,73,75,72,69,68,72,68,64,61,57,58,61,58,59,57,57,59,54,50,51
38060,"Peoria, IL",O3,4th Max,20,0.08,0.079,0.081,0.08,0.073,0.078,0.077,0.073,0.076,0.068,0.072,0.076,0.076,0.073,0.072,0.071,0.07,0.073,0.073,0.071,0.078
38060,"Peoria, IL",SO2,99th Percentile,1,24,15,17,13,14,15,15,12,8,10,10,8,8,8,7,7,6,8,8,5,5
38300,"Pittsburgh, PA",NO2,Annual Mean,2,15,15,15,14,13,15,14,14,12,11,11,10,9,9,9,9,8,7,6,6,7
38300,"Pittsburgh, PA",NO2,98th Percentile,2,52,48,49,47,44,47,48,43,42,41,41,38,37,36,42,40,38,35,36,35,33
38300,"Pittsburgh, PA",O3,4th Max,9,0.08,0.089,0.098,0.086,0.074,0.084,0.077,0.078,0.075,0.068,0.076,0.071,0.077,0.07,0.066,0.069,0.07,0.065,0.067,0.06,0.064
38300,"Pittsburgh, PA",SO2,99th Percentile,6,141,148,142,121,125,127,111,129,98,108,80,73,51,33,42,41,28,34,34,25,14
38860,"Portland-South Portland, ME",O3,4th Max,3,0.069,0.088,0.093,0.073,0.073,0.073,0.072,0.081,0.068,0.068,0.067,0.067,0.071,0.07,0.064,0.063,0.064,0.063,0.064,0.06,0.056
38900,"Portland-South Portland, ME",O3,4th Max,3,0.059,0.063,0.061,0.071,0.06,0.059,0.067,0.058,0.062,0.064,0.056,0.056,0.059,0.053,0.057,0.064,0.057,0.073,0.062,0.058,0.058
39300,"Portland-South Portland, ME",O3,4th Max,3,0.084,0.103,0.095,0.086,0.081,0.088,0.08,0.087,0.077,0.068,0.075,0.075,0.078,0.076,0.065,0.073,0.072,0.075,0.075,0.065,0.065
39300,"Portland-South Portland, ME",SO2,99th Percentile,1,88,87,74,61,58,70,67,56,55,53,84,65,65,62,13,10,7,11,4,4,3
39340,"Provo-Orem, UT",O3,4th Max,1,0.089,0.072,0.077,0.078,0.07,0.08,0.079,0.077,0.072,0.069,0.07,0.065,0.076,0.07,0.076,0.071,0.072,0.072,0.073,0.066,0.07
39580,"Raleigh, NC",O3,4th Max,2,0.085,0.084,0.099,0.085,0.075,0.083,0.075,0.081,0.077,0.067,0.073,0.074,0.073,0.062,0.064,0.065,0.068,0.063,0.063,0.063,0.055
39780,"Red Bluff, CA",O3,4th Max,1,0.082,0.078,0.091,0.084,0.082,0.081,0.087,0.082,0.087,0.078,0.076,0.075,0.077,0.072,0.076,0.076,0.087,0.074,0.082,0.066,0.074
39820,"Redding, CA",O3,4th Max,3,0.077,0.068,0.075,0.075,0.076,0.077,0.076,0.074,0.08,0.069,0.066,0.063,0.066,0.061,0.069,0.067,0.068,0.065,0.071,0.061,0.065
39900,"Redding, CA",O3,4th Max,6,0.067,0.071,0.073,0.071,0.069,0.067,0.071,0.069,0.074,0.064,0.067,0.064,0.07,0.066,0.068,0.069,0.068,0.067,0.075,0.062,0.071
40060,"Richmond, VA",NO2,Annual Mean,1,11,12,12,10,10,10,10,7,6,5,5,6,5,4,5,4,3,4,5,5,3
40060,"Richmond, VA",NO2,98th Percentile,1,68,61,64,67,69,60,62,62,60,55,56,55,46,39,44,38,44,32,31,28,26
40060,"Richmond, VA",O3,4th Max,5,0.082,0.089,0.097,0.082,0.076,0.082,0.082,0.081,0.082,0.065,0.078,0.076,0.076,0.064,0.062,0.062,0.064,0.063,0.063,0.061,0.054
40060,"Richmond, VA",SO2,99th Percentile,1,75,80,92,84,79,94,78,94,58,47,44,38,21,30,29,29,24,18,18,14,3
40140,"Richmond, VA",NO2,Annual Mean,10,23,23,23,21,19,20,19,18,16,15,15,14,14,13,13,12,12,12,12,11,11
40140,"Richmond, VA",NO2,98th Percentile,6,81,82,78,78,74,70,69,64,62,55,54,55,58,55,52,51,48,48,46,45,48
40140,"Richmond, VA",O3,4th Max,17,0.101,0.109,0.108,0.113,0.102,0.101,0.103,0.1,0.103,0.094,0.092,0.094,0.093,0.089,0.089,0.092,0.093,0.096,0.096,0.088,0.098
40140,"Richmond, VA",SO2,99th Percentile,2,11,10,10,9,9,12,11,10,7,8,10,9,7,6,5,5,5,16,5,6,4
40220,"Roanoke, VA",NO2,Annual Mean,1,11,14,13,13,14,14,12,10,7,7,8,7,7,6,6,5,6,5,5,5,5
40220,"Roanoke, VA",NO2,98th Percentile,1,49,51,47,47,47,46,46,42,37,37,41,38,37,35,39,31,37,32,31,32,31
40220,"Roanoke, VA",O3,4th Max,1,0.081,0.089,0.091,0.077,0.071,0.076,0.076,0.076,0.071,0.064,0.073,0.067,0.07,0.057,0.06,0.062,0.064,0.058,0.062,0.059,0.054
40220,"Roanoke, VA",SO2,99th Percentile,1,19,18,19,17,16,15,22,17,12,10,10,9,5,5,6,5,4,3,2,3,3
40380,"Rochester, NY",O3,4th Max,1,0.07,0.086,0.094,0.084,0.065,0.065,0.064,0.078,0.073,0.061,0.071,0.058,0.072,0.066,0.064,0.061,0.067,0.065,0.071,0.06,0.06
40420,"Rockford, IL",O3,4th Max,1,0.07,0.075,0.078,0.071,0.061,0.075,0.063,0.073,0.06,0.067,0.063,0.068,0.074,0.063,0.07,0.066,0.07,0.064,0.07,0.066,0.067
40500,"Rockland, ME",O3,4th Max,1,0.07,0.091,0.088,0.082,0.074,0.075,0.072,0.082,0.061,0.069,0.07,0.068,0.062,0.076,0.061,0.067,0.063,0.062,0.064,0.059,0.059
40580,"Rocky Mount, NC",O3,4th Max,1,0.085,0.085,0.095,0.088,0.072,0.079,0.074,0.08,0.075,0.066,0.072,0.072,0.071,0.064,0.062,0.061,0.064,0.061,0.062,0.06,0.054
40860,"Rocky Mount, NC",NO2,Annual Mean,1,11,13,13,13,12,12,10,10,10,8,8,8,7,7,7,8,7,6,7,7,6
40860,"Rocky Mount, NC",NO2,98th Percentile,1,45,48,54,53,52,51,39,44,43,41,39,36,33,36,38,38,32,34,35,35,32
40860,"Rocky Mount, NC",SO2,99th Percentile,1,57,43,56,55,55,54,44,47,33,27,21,27,16,10,14,2,2,2,2,3,2
40900,"Rocky Mount, NC",NO2,Annual Mean,5,12,11,12,11,10,10,10,10,9,8,7,8,7,7,6,6,5,5,5,4,4
40900,"Rocky Mount, NC",NO2,98th Percentile,5,51,53,51,48,43,43,44,42,42,37,37,37,36,36,34,32,30,28,30,29,27
40900,"Rocky Mount, NC",O3,4th Max,12,0.088,0.088,0.092,0.089,0.079,0.087,0.091,0.08,0.089,0.083,0.077,0.077,0.082,0.071,0.074,0.074,0.077,0.073,0.076,0.067,0.072
40900,"Rocky Mount, NC",SO2,99th Percentile,1,21,21,9,9,6,5,7,5,4,3,1,2,2,3,5,8,9,6,2,3,3
41420,"Salem, OR",O3,4th Max,1,0.059,0.057,0.063,0.072,0.062,0.063,0.075,0.06,0.066,0.069,0.057,0.057,0.063,0.055,0.066,0.065,0.065,0.078,0.066,0.055,0.057
41500,"Salem, OR",NO2,Annual Mean,1,7,7,7,6,7,8,7,7,7,6,6,6,5,5,5,5,4,4,5,4,4
41500,"Salem, OR",NO2,98th Percentile,1,35,35,38,33,37,39,37,35,34,34,31,34,35,36,32,28,24,27,29,26,25
41500,"Salem, OR",O3,4th Max,2,0.059,0.062,0.061,0.063,0.066,0.055,0.057,0.056,0.06,0.057,0.058,0.056,0.052,0.055,0.061,0.057,0.054,0.056,0.052,0.056,0.051
41540,"Salisbury, MD-DE",O3,4th Max,2,0.09,0.09,0.093,0.087,0.077,0.086,0.081,0.081,0.08,0.068,0.084,0.076,0.085,0.069,0.065,0.067,0.069,0.063,0.068,0.062,0.059
41620,"Salisbury, MD-DE",NO2,Annual Mean,1,26,27,27,24,25,23,22,23,22,18,17,18,16,18,14,16,18,13,15,14,15
41620,"Salisbury, MD-DE",O3,4th Max,1,0.088,0.075,0.084,0.081,0.069,0.082,0.082,0.079,0.075,0.074,0.073,0.075,0.078,0.077,0.072,0.081,0.074,0.081,0.074,0.073,0.075
41700,"San Antonio-New Braunfels, TX",NO2,Annual Mean,1,5,4,5,5,4,4,5,4,5,4,4,5,4,3,5,4,4,4,4,4,4
41700,"San Antonio-New Braunfels, TX",NO2,98th Percentile,1,37,34,35,34,34,34,34,33,39,31,32,33,34,35,31,33,32,33,35,38,34
41700,"San Antonio-New Braunfels, TX",O3,4th Max,3,0.08,0.079,0.093,0.082,0.085,0.082,0.083,0.071,0.075,0.07,0.072,0.075,0.079,0.076,0.068,0.076,0.067,0.07,0.072,0.069,0.07
41740,"San Diego-Carlsbad, CA",NO2,Annual Mean,3,15,15,15,15,13,13,13,12,11,10,9,9,8,8,8,7,6,6,6,6,6
41740,"San Diego-Carlsbad, CA",NO2,98th Percentile,3,64,63,63,66,62,55,57,53,54,49,45,42,41,40,42,38,38,38,36,33,34
41740,"San Diego-Carlsbad, CA",O3,4th Max,3,0.081,0.08,0.079,0.075,0.078,0.075,0.077,0.076,0.081,0.074,0.071,0.068,0.069,0.066,0.071,0.069,0.072,0.075,0.066,0.066,0.074
41860,"San Diego-Carlsbad, CA",NO2,Annual Mean,6,16,16,16,15,14,13,13,12,12,11,10,11,10,11,10,9,8,9,9,8,7
41860,"San Diego-Carlsbad, CA",NO2,98th Percentile,6,50,52,50,49,45,44,46,45,45,41,44,47,43,44,45,38,36,41,45,37,34
41860,"San Diego-Carlsbad, CA",O3,4th Max,7,0.06,0.065,0.065,0.067,0.063,0.06,0.066,0.059,0.067,0.066,0.063,0.062,0.059,0.058,0.066,0.064,0.061,0.063,0.056,0.062,0.062
41860,"San Diego-Carlsbad, CA",SO2,99th Percentile,5,21,21,23,19,19,18,21,19,19,12,11,12,9,9,12,9,9,10,11,10,8
41940,"San Jose-Sunnyvale-Santa Clara, CA",O3,4th Max,5,0.071,0.075,0.083,0.08,0.072,0.066,0.08,0.068,0.074,0.072,0.074,0.066,0.065,0.064,0.07,0.068,0.064,0.065,0.062,0.062,0.066
42020,"San Luis Obispo-Paso Robles-Arroyo Grande, CA",NO2,Annual Mean,1,6,6,5,5,5,4,4,4,4,3,3,3,2,3,2,3,2,2,2,2,2
42020,"San Luis Obispo-Paso Robles-Arroyo Grande, CA",NO2,98th Percentile,1,37,37,36,33,33,32,30,29,29,30,26,28,26,30,25,22,19,23,20,17,17
42020,"San Luis Obispo-Paso Robles-Arroyo Grande, CA",O3,4th Max,3,0.06,0.067,0.063,0.064,0.066,0.061,0.06,0.059,0.063,0.06,0.063,0.059,0.056,0.056,0.061,0.059,0.059,0.059,0.056,0.057,0.06
42020,"San Luis Obispo-Paso Robles-Arroyo Grande, CA",SO2,99th Percentile,1,99,110,114,100,106,104,102,71,28,5,4,4,5,53,4,3,2,0,1,1,2
42100,"Santa Cruz-Watsonville, CA",O3,4th Max,1,0.057,0.056,0.054,0.059,0.061,0.051,0.054,0.053,0.057,0.057,0.054,0.056,0.049,0.049,0.062,0.057,0.052,0.06,0.054,0.052,0.048
42200,"Santa Cruz-Watsonville, CA",NO2,Annual Mean,10,6,5,5,5,5,5,4,4,4,4,3,3,3,3,3,3,2,2,2,2,2
42200,"Santa Cruz-Watsonville, CA",NO2,98th Percentile,9,26,24,23,25,22,21,20,20,20,17,17,16,16,16,15,13,12,13,13,12,12
42200,"Santa Cruz-Watsonville, CA",O3,4th Max,12,0.066,0.066,0.064,0.068,0.07,0.059,0.06,0.063,0.064,0.064,0.062,0.059,0.057,0.058,0.066,0.059,0.059,0.059,0.053,0.055,0.056
42200,"Santa Cruz-Watsonville, CA",SO2,99th Percentile,6,5,5,5,5,6,5,6,4,4,3,3,3,13,9,6,2,2,2,2,2,2
42220,"Santa Rosa, CA",O3,4th Max,1,0.061,0.065,0.065,0.058,0.06,0.05,0.056,0.06,0.058,0.051,0.053,0.056,0.058,0.055,0.062,0.059,0.055,0.062,0.055,0.052,0.052
42340,"Savannah, GA",O3,4th Max,1,0.079,0.067,0.065,0.07,0.071,0.068,0.069,0.065,0.067,0.062,0.065,0.065,0.063,0.059,0.057,0.058,0.058,0.057,0.058,0.06,0.054
42340,"Savannah, GA",SO2,99th Percentile,1,63,72,80,70,67,63,64,60,67,60,83,62,78,57,44,31,29,36,32,25,21
42540,"Savannah, GA",NO2,Annual Mean,1,15,15,14,14,12,13,10,11,12,10,9,10,9,8,11,11,10,9,8,8,9
42540,"Savannah, GA",NO2,98th Percentile,1,50,58,59,50,46,50,45,47,44,46,43,45,36,40,45,49,46,43,39,42,43
42540,"Savannah, GA",O3,4th Max,3,0.074,0.087,0.092,0.076,0.072,0.08,0.071,0.075,0.075,0.061,0.07,0.068,0.071,0.065,0.06,0.068,0.068,0.06,0.063,0.059,0.056
42540,"Savannah, GA",SO2,99th Percentile,1,36,49,40,42,39,42,41,40,36,26,17,13,10,7,9,10,5,3,3,3,3
42660,"Seattle-Tacoma-Bellevue, WA",O3,4th Max,5,0.06,0.059,0.06,0.07,0.064,0.055,0.066,0.059,0.057,0.061,0.056,0.052,0.058,0.053,0.056,0.061,0.055,0.072,0.065,0.052,0.056
42700,"Sebring, FL",O3,4th Max,1,0.056,0.056,0.064,0.074,0.071,0.071,0.077,0.07,0.073,0.062,0.066,0.064,0.062,0.061,0.06,0.058,0.063,0.061,0.06,0.059,0.059
42860,"Seneca, SC",O3,4th Max,1,0.082,0.079,0.086,0.079,0.075,0.075,0.065,0.076,0.072,0.066,0.069,0.061,0.064,0.053,0.064,0.06,0.067,0.062,0.062,0.065,0.065
42940,"Sevierville, TN",O3,4th Max,2,0.098,0.09,0.1,0.082,0.074,0.079,0.081,0.087,0.08,0.069,0.078,0.076,0.07,0.064,0.067,0.066,0.068,0.063,0.066,0.062,0.06
42980,"Seymour, IN",O3,4th Max,1,0.082,0.084,0.09,0.082,0.068,0.077,0.075,0.078,0.07,0.063,0.069,0.067,0.065,0.063,0.064,0.064,0.07,0.063,0.065,0.06,0.06
43100,"Sheboygan, WI",O3,4th Max,1,0.09,0.102,0.105,0.093,0.078,0.097,0.083,0.088,0.075,0.074,0.085,0.084,0.093,0.078,0.072,0.081,0.085,0.075,0.083,0.068,0.076
43340,"Shreveport-Bossier City, LA",O3,4th Max,2,0.09,0.081,0.076,0.08,0.072,0.082,0.084,0.073,0.069,0.073,0.078,0.083,0.071,0.068,0.066,0.066,0.064,0.065,0.066,0.06,0.056
43420,"Sierra Vista-Douglas, AZ",O3,4th Max,1,0.071,0.067,0.074,0.073,0.07,0.072,0.074,0.067,0.068,0.065,0.071,0.075,0.074,0.072,0.068,0.065,0.064,0.067,0.067,0.066,0.066
43700,"Somerset, KY",O3,4th Max,1,0.087,0.077,0.081,0.075,0.066,0.075,0.064,0.076,0.066,0.061,0.066,0.067,0.075,0.061,0.063,0.062,0.063,0.059,0.06,0.057,0.056
43760,"Sonora, CA",O3,4th Max,1,0.085,0.079,0.09,0.087,0.075,0.081,0.079,0.084,0.098,0.077,0.072,0.074,0.075,0.07,0.075,0.076,0.088,0.077,0.084,0.069,0.08
43780,"South Bend-Mishawaka, IN-MI",O3,4th Max,1,0.079,0.08,0.092,0.081,0.073,0.078,0.07,0.075,0.063,0.06,0.06,0.064,0.07,0.057,0.059,0.058,0.069,0.068,0.069,0.061,0.067
43900,"Spartanburg, SC",O3,4th Max,1,0.089,0.09,0.093,0.079,0.082,0.082,0.085,0.083,0.085,0.067,0.076,0.081,0.063,0.065,0.065,0.067,0.069,0.064,0.062,0.068,0.064
44060,"Spokane-Spokane Valley, WA",O3,4th Max,2,0.065,0.069,0.065,0.074,0.065,0.063,0.066,0.064,0.058,0.057,0.058,0.056,0.063,0.062,0.06,0.065,0.055,0.067,0.068,0.056,0.055
44140,"Springfield, MA",NO2,Annual Mean,2,9,11,11,9,6,7,7,6,6,5,4,6,5,5,5,5,5,4,4,3,3
44140,"Springfield, MA",NO2,98th Percentile,2,51,51,46,44,43,40,38,36,37,34,31,44,27,33,29,35,34,29,30,26,28
44140,"Springfield, MA",O3,4th Max,2,0.08,0.092,0.102,0.079,0.081,0.09,0.088,0.093,0.079,0.076,0.075,0.07,0.075,0.07,0.067,0.071,0.074,0.071,0.068,0.066,0.061
44140,"Springfield, MA",SO2,99th Percentile,1,23,23,22,24,19,21,15,15,13,11,6,9,5,6,5,5,3,2,1,1,1
44180,"Springfield, MO",O3,4th Max,1,0.074,0.071,0.074,0.072,0.064,0.077,0.074,0.08,0.067,0.062,0.066,0.073,0.075,0.062,0.06,0.061,0.058,0.061,0.064,0.059,0.056
44220,"Springfield, OH",O3,4th Max,2,0.087,0.083,0.097,0.083,0.076,0.084,0.075,0.078,0.075,0.072,0.075,0.077,0.076,0.069,0.065,0.07,0.071,0.068,0.07,0.065,0.064
44220,"Springfield, OH",SO2,99th Percentile,1,45,44,43,47,42,50,39,31,24,27,28,22,18,17,19,13,6,4,4,3,3
41180,"Springfield, OH",NO2,Annual Mean,2,20,20,19,18,17,15,15,15,14,13,12,11,13,11,11,10,10,9,10,9,9
41180,"Springfield, OH",NO2,98th Percentile,2,63,60,60,58,54,54,62,54,48,50,48,46,46,47,43,43,40,39,43,43,43
41180,"Springfield, OH",O3,4th Max,7,0.082,0.08,0.092,0.085,0.074,0.088,0.08,0.083,0.069,0.069,0.075,0.079,0.084,0.07,0.069,0.067,0.072,0.069,0.072,0.066,0.067
41180,"Springfield, OH",SO2,99th Percentile,4,82,105,81,87,57,88,51,45,42,33,37,22,25,19,22,16,14,9,12,10,9
44300,"State College, PA",NO2,Annual Mean,1,8,8,8,9,9,10,8,7,6,6,5,5,5,5,5,7,5,4,2,3,3
44300,"State College, PA",O3,4th Max,1,0.079,0.086,0.09,0.082,0.074,0.083,0.078,0.074,0.074,0.064,0.073,0.073,0.075,0.063,0.063,0.064,0.063,0.061,0.064,0.058,0.056
44700,"Stockton-Lodi, CA",NO2,Annual Mean,1,21,19,21,18,17,17,18,16,17,15,14,15,14,16,13,12,12,11,12,12,11
44700,"Stockton-Lodi, CA",NO2,98th Percentile,1,68,68,64,65,54,58,60,56,63,54,49,51,52,57,54,48,45,52,58,58,54
44700,"Stockton-Lodi, CA",O3,4th Max,1,0.076,0.076,0.074,0.075,0.073,0.073,0.083,0.075,0.077,0.07,0.07,0.066,0.072,0.064,0.071,0.069,0.066,0.065,0.068,0.065,0.067
45060,"Syracuse, NY",O3,4th Max,1,0.074,0.085,0.091,0.081,0.066,0.077,0.071,0.081,0.07,0.061,0.073,0.069,0.074,0.065,0.063,0.063,0.067,0.064,0.066,0.058,0.058
45060,"Syracuse, NY",SO2,99th Percentile,1,26,19,16,20,22,19,16,16,13,14,10,9,7,5,5,4,3,2,2,1,1
45220,"Tallahassee, FL",O3,4th Max,2,0.077,0.076,0.07,0.076,0.071,0.071,0.07,0.071,0.071,0.058,0.067,0.065,0.066,0.062,0.06,0.059,0.061,0.062,0.06,0.061,0.055
45300,"Tallahassee, FL",NO2,Annual Mean,1,13,11,11,10,9,8,8,9,7,7,6,5,5,5,5,4,4,5,4,3,3
45300,"Tallahassee, FL",NO2,98th Percentile,1,58,48,48,45,41,36,41,42,41,38,38,34,34,34,30,26,31,29,28,26,22
45300,"Tallahassee, FL",O3,4th Max,8,0.08,0.08,0.069,0.077,0.074,0.075,0.074,0.076,0.075,0.064,0.067,0.071,0.066,0.066,0.064,0.062,0.064,0.064,0.065,0.065,0.062
45300,"Tallahassee, FL",SO2,99th Percentile,4,113,132,129,117,98,97,92,89,68,57,53,47,42,31,26,24,24,20,18,15,19
45460,"Terre Haute, IN",O3,4th Max,2,0.079,0.083,0.091,0.073,0.065,0.07,0.066,0.075,0.063,0.06,0.063,0.069,0.071,0.064,0.059,0.063,0.068,0.067,0.069,0.062,0.063
45460,"Terre Haute, IN",SO2,99th Percentile,1,99,104,69,83,130,100,99,90,120,115,61,95,73,79,85,71,58,3,4,4,4
45780,"Toledo, OH",O3,4th Max,3,0.075,0.083,0.091,0.088,0.072,0.083,0.072,0.08,0.071,0.067,0.066,0.069,0.078,0.065,0.066,0.063,0.067,0.065,0.07,0.061,0.065
45860,"Torrington, CT",O3,4th Max,1,0.099,0.099,0.099,0.097,0.096,0.094,0.085,0.089,0.077,0.07,0.072,0.07,0.073,0.068,0.068,0.076,0.078,0.067,0.071,0.062,0.063
45900,"Traverse City, MI",O3,4th Max,1,0.081,0.091,0.086,0.089,0.075,0.086,0.08,0.082,0.066,0.069,0.072,0.071,0.083,0.069,0.069,0.067,0.072,0.065,0.069,0.057,0.068
45940,"Trenton, NJ",O3,4th Max,1,0.099,0.104,0.109,0.087,0.082,0.089,0.09,0.094,0.079,0.071,0.086,0.079,0.08,0.07,0.071,0.073,0.074,0.069,0.076,0.066,0.07
46020,"Truckee-Grass Valley, CA",O3,4th Max,1,0.1,0.095,0.099,0.101,0.093,0.093,0.096,0.088,0.091,0.083,0.077,0.076,0.075,0.078,0.081,0.084,0.086,0.09,0.095,0.072,0.08
46060,"Truckee-Grass Valley, CA",NO2,Annual Mean,2,17,16,17,17,16,15,15,13,12,11,11,12,12,10,10,9,8,8,8,7,7
46060,"Truckee-Grass Valley, CA",NO2,98th Percentile,2,56,53,54,53,52,47,47,48,47,42,43,45,44,42,40,38,33,37,38,34,32
46060,"Truckee-Grass Valley, CA",O3,4th Max,5,0.075,0.067,0.074,0.074,0.068,0.075,0.072,0.07,0.07,0.066,0.068,0.071,0.068,0.069,0.065,0.065,0.065,0.07,0.069,0.065,0.071
46140,"Tulsa, OK",NO2,Annual Mean,1,11,11,11,10,5,11,11,10,9,9,8,9,9,8,7,8,7,7,7,7,6
46140,"Tulsa, OK",O3,4th Max,3,0.08,0.079,0.081,0.083,0.071,0.078,0.081,0.072,0.068,0.07,0.07,0.082,0.083,0.07,0.063,0.065,0.063,0.064,0.07,0.064,0.059
46140,"Tulsa, OK",SO2,99th Percentile,2,80,88,64,70,109,71,62,58,65,46,48,51,40,31,11,10,15,14,7,7,7
46180,"Tupelo, MS",O3,4th Max,1,0.084,0.081,0.08,0.076,0.069,0.076,0.076,0.073,0.068,0.063,0.068,0.064,0.067,0.061,0.059,0.058,0.061,0.055,0.06,0.061,0.052
46220,"Tuscaloosa, AL",O3,4th Max,1,0.081,0.081,0.083,0.07,0.068,0.074,0.077,0.08,0.068,0.055,0.06,0.06,0.058,0.059,0.057,0.062,0.061,0.058,0.063,0.06,0.052
46340,"Tyler, TX",NO2,Annual Mean,1,6,5,5,4,3,5,4,4,4,4,4,4,3,3,3,2,2,2,2,2,2
46340,"Tyler, TX",NO2,98th Percentile,1,30,30,26,26,25,26,24,26,19,19,26,23,19,17,14,15,17,15,12,14,12
46340,"Tyler, TX",O3,4th Max,1,0.087,0.082,0.084,0.079,0.081,0.083,0.082,0.077,0.072,0.075,0.072,0.078,0.076,0.071,0.066,0.066,0.063,0.063,0.069,0.067,0.06
46380,"Ukiah, CA",O3,4th Max,1,0.053,0.052,0.06,0.06,0.055,0.057,0.06,0.053,0.061,0.053,0.047,0.043,0.057,0.055,0.052,0.053,0.048,0.057,0.053,0.051,0.059
46520,"Ukiah, CA",NO2,Annual Mean,1,5,5,5,5,5,5,5,5,4,4,3,3,3,3,3,4,4,4,4,4,3
46520,"Ukiah, CA",NO2,98th Percentile,1,26,26,26,26,23,24,24,26,26,26,24,22,19,23,24,24,29,33,27,28,26
46520,"Ukiah, CA",O3,4th Max,1,0.044,0.042,0.043,0.038,0.046,0.042,0.04,0.033,0.041,0.048,0.046,0.046,0.043,0.047,0.054,0.048,0.047,0.046,0.046,0.053,0.044
46520,"Ukiah, CA",SO2,99th Percentile,2,10,9,10,12,15,19,11,14,14,12,16,7,12,8,8,12,8,6,5,5,3
46540,"Utica-Rome, NY",O3,4th Max,1,0.067,0.076,0.079,0.075,0.064,0.068,0.067,0.075,0.069,0.067,0.065,0.06,0.065,0.061,0.057,0.061,0.071,0.057,0.064,0.048,0.048
46700,"Utica-Rome, NY",NO2,Annual Mean,1,13,13,13,12,12,11,12,11,10,10,9,10,9,10,8,8,7,8,8,7,7
46700,"Utica-Rome, NY",NO2,98th Percentile,1,46,45,45,44,43,43,43,43,45,39,39,43,41,43,43,38,36,42,41,41,42
46700,"Utica-Rome, NY",O3,4th Max,2,0.063,0.069,0.068,0.071,0.067,0.056,0.067,0.058,0.068,0.067,0.065,0.065,0.062,0.058,0.064,0.066,0.063,0.06,0.053,0.059,0.063
46700,"Utica-Rome, NY",SO2,99th Percentile,1,12,12,11,10,13,10,11,9,8,7,7,5,4,4,7,4,5,4,4,4,4
47020,"Victoria, TX",O3,4th Max,1,0.079,0.073,0.078,0.084,0.075,0.071,0.071,0.066,0.062,0.068,0.069,0.074,0.066,0.062,0.062,0.07,0.064,0.063,0.066,0.062,0.06
47220,"Vineland-Bridgeton, NJ",O3,4th Max,1,0.094,0.101,0.101,0.085,0.083,0.085,0.083,0.083,0.079,0.072,0.077,0.066,0.084,0.061,0.067,0.068,0.069,0.063,0.063,0.068,0.06
47260,"Virginia Beach-Norfolk-Newport News, VA-NC",O3,4th Max,2,0.083,0.08,0.095,0.081,0.075,0.078,0.074,0.077,0.078,0.065,0.074,0.075,0.069,0.065,0.061,0.061,0.062,0.059,0.061,0.059,0.053
47300,"Visalia-Porterville, CA",NO2,Annual Mean,1,18,18,19,18,16,16,14,15,14,15,13,12,12,13,10,10,9,11,11,10,9
47300,"Visalia-Porterville, CA",NO2,98th Percentile,1,66,66,81,74,62,60,57,59,68,57,56,50,53,53,54,46,51,56,53,55,48
47300,"Visalia-Porterville, CA",O3,4th Max,3,0.098,0.1,0.106,0.102,0.094,0.1,0.098,0.092,0.106,0.09,0.089,0.085,0.09,0.084,0.084,0.086,0.085,0.087,0.089,0.078,0.088
47500,"Walterboro, SC",O3,4th Max,1,0.08,0.078,0.085,0.069,0.071,0.072,0.078,0.072,0.07,0.06,0.069,0.063,0.057,0.05,0.059,0.054,0.057,0.056,0.056,0.056,0.056
47620,"Warren, PA",SO2,99th Percentile,1,207,241,306,262,190,254,235,153,146,113,109,94,109,123,118,114,73,32,30,31,47
47780,"Washington, IN",SO2,99th Percentile,1,120,119,119,107,131,91,135,112,122,138,115,100,78,150,107,93,22,16,13,12,11
47900,"Washington, IN",NO2,Annual Mean,5,17,19,19,20,18,17,15,13,12,12,12,11,11,9,9,10,10,8,8,9,7
47900,"Washington, IN",NO2,98th Percentile,4,56,57,55,58,55,53,49,48,45,44,46,41,39,40,40,41,39,36,36,38,34
47900,"Washington, IN",O3,4th Max,12,0.083,0.093,0.098,0.085,0.08,0.083,0.087,0.084,0.078,0.067,0.081,0.079,0.078,0.066,0.065,0.068,0.069,0.065,0.066,0.063,0.058
47940,"Waterloo-Cedar Falls, IA",O3,4th Max,1,0.078,0.069,0.069,0.07,0.063,0.07,0.064,0.071,0.065,0.06,0.063,0.066,0.068,0.06,0.061,0.059,0.062,0.059,0.068,0.057,0.06
48060,"Watertown-Fort Drum, NY",O3,4th Max,1,0.072,0.102,0.1,0.089,0.071,0.083,0.072,0.083,0.071,0.068,0.077,0.069,0.077,0.066,0.059,0.065,0.067,0.066,0.068,0.056,0.06
48140,"Wausau, WI",O3,4th Max,1,0.073,0.072,0.073,0.074,0.065,0.075,0.066,0.072,0.064,0.06,0.06,0.065,0.069,0.063,0.064,0.063,0.068,0.06,0.065,0.059,0.055
48260,"Wausau, WI",SO2,99th Percentile,6,176,175,138,173,145,146,142,143,150,109,92,82,61,38,34,33,38,21,27,32,28
48540,"Wausau, WI",SO2,99th Percentile,1,177,191,137,154,175,157,147,161,113,61,101,79,55,49,43,38,8,7,9,9,9
48580,"Whitewater-Elkhorn, WI",O3,4th Max,1,0.076,0.088,0.084,0.081,0.069,0.083,0.072,0.075,0.064,0.069,0.065,0.069,0.077,0.067,0.073,0.067,0.072,0.065,0.07,0.07,0.07
48620,"Wichita, KS",NO2,Annual Mean,2,8,8,7,8,8,8,7,7,7,6,6,9,8,7,6,6,5,5,5,5,5
48620,"Wichita, KS",O3,4th Max,2,0.081,0.083,0.079,0.079,0.06,0.076,0.077,0.065,0.068,0.073,0.075,0.079,0.081,0.071,0.068,0.065,0.062,0.064,0.064,0.062,0.059
48620,"Wichita, KS",SO2,99th Percentile,1,20,20,18,17,15,18,4,4,5,4,12,10,8,6,7,5,3,5,4,3,3
48700,"Williamsport, PA",O3,4th Max,1,0.091,0.091,0.091,0.083,0.074,0.082,0.073,0.077,0.082,0.064,0.073,0.063,0.071,0.065,0.062,0.065,0.065,0.062,0.063,0.056,0.058
48780,"Williston, ND",SO2,99th Percentile,1,59,69,89,63,82,105,87,68,50,65,77,68,161,264,180,74,46,67,63,70,6
48900,"Wilmington, NC",O3,4th Max,1,0.08,0.078,0.08,0.076,0.07,0.075,0.072,0.071,0.066,0.06,0.062,0.064,0.064,0.064,0.063,0.057,0.06,0.057,0.062,0.059,0.054
48940,"Wilmington, OH",O3,4th Max,1,0.097,0.093,0.099,0.096,0.078,0.083,0.081,0.082,0.076,0.07,0.076,0.084,0.086,0.064,0.07,0.07,0.071,0.07,0.067,0.065,0.062
49020,"Winchester, VA-WV",O3,4th Max,1,0.079,0.086,0.091,0.079,0.066,0.075,0.074,0.072,0.073,0.062,0.071,0.067,0.07,0.06,0.059,0.061,0.065,0.061,0.059,0.055,0.052
49180,"Winston-Salem, NC",NO2,Annual Mean,1,16,16,14,15,13,10,10,11,11,10,9,8,9,6,6,7,7,7,7,7,5
49180,"Winston-Salem, NC",O3,4th Max,2,0.09,0.094,0.096,0.084,0.077,0.077,0.082,0.083,0.08,0.067,0.08,0.075,0.077,0.065,0.066,0.068,0.068,0.066,0.065,0.064,0.06
49180,"Winston-Salem, NC",SO2,99th Percentile,1,67,73,107,71,98,88,77,67,27,18,15,9,11,5,13,9,6,4,5,5,3
49340,"Worcester, MA-CT",O3,4th Max,1,0.076,0.088,0.091,0.08,0.074,0.085,0.077,0.089,0.081,0.077,0.07,0.065,0.07,0.07,0.065,0.063,0.066,0.068,0.065,0.06,0.063
49620,"York-Hanover, PA",NO2,Annual Mean,1,18,20,17,17,16,18,16,15,14,13,13,13,12,10,11,10,10,8,6,7,7
49620,"York-Hanover, PA",NO2,98th Percentile,1,65,66,63,56,54,63,56,53,48,48,53,49,44,39,45,52,47,42,41,40,39
49620,"York-Hanover, PA",O3,4th Max,1,0.09,0.087,0.101,0.081,0.077,0.089,0.077,0.084,0.081,0.068,0.073,0.074,0.076,0.068,0.063,0.068,0.069,0.062,0.065,0.062,0.056
49620,"York-Hanover, PA",SO2,99th Percentile,1,78,48,58,52,108,112,93,107,96,89,27,34,19,23,26,30,18,10,8,8,6
49660,"Youngstown-Warren-Boardman, OH-PA",O3,4th Max,3,0.087,0.094,0.1,0.088,0.077,0.086,0.079,0.082,0.075,0.068,0.074,0.075,0.082,0.067,0.067,0.068,0.065,0.063,0.068,0.065,0.063
49660,"Youngstown-Warren-Boardman, OH-PA",SO2,99th Percentile,1,89,97,59,75,55,71,60,58,60,54,48,40,43,27,44,32,13,4,5,5,6
49700,"Yuba City, CA",NO2,Annual Mean,1,13,14,15,14,12,12,12,12,12,9,8,8,10,10,8,7,7,7,7,6,6
49700,"Yuba City, CA",NO2,98th Percentile,1,62,62,62,62,52,51,53,47,54,47,45,44,46,52,44,39,40,42,41,40,38
49700,"Yuba City, CA",O3,4th Max,2,0.081,0.077,0.09,0.085,0.076,0.075,0.083,0.075,0.078,0.069,0.067,0.07,0.073,0.066,0.072,0.068,0.072,0.074,0.073,0.063,0.075